model,attack,base_class,target_class,epochs,lr,poison_num,epsilon,poison_num.1,watermark_opacity,step_size,iterations,n_runs,n_success,asr,clean_acc_mean,poisoned_acc_mean
model_cat_lr0.0075,fc,1,0,20,0.1,30,0.01,30,0.0,0.01,2000,5,5,1.0,0.74,0.72
model_cat_lr0.0075,fc,1,0,20,0.1,30,0.01,30,0.0,0.01,4000,5,5,1.0,0.74,0.72
model_cat_lr0.0075,fc,1,0,20,0.1,30,0.01,30,0.2,0.01,4000,5,5,1.0,0.74,0.72
model_cat_lr0.0075,fc,1,0,20,0.1,30,0.03,30,0.0,0.01,2000,5,5,1.0,0.74,0.72
model_cat_lr0.0075,fc,1,0,20,0.1,30,0.03,30,0.0,0.01,4000,5,5,1.0,0.74,0.72
model_cat_lr0.0075,fc,1,0,20,0.1,30,0.03,30,0.2,0.01,2000,5,5,1.0,0.74,0.72
model_cat_lr0.0075,fc,1,0,20,0.1,30,0.03,30,0.2,0.01,4000,5,5,1.0,0.74,0.72
model_cat_lr0.0075,fc,1,0,20,0.1,30,0.05,30,0.0,0.01,2000,5,5,1.0,0.74,0.72
model_cat_lr0.0075,fc,1,0,20,0.1,30,0.05,30,0.0,0.01,4000,5,5,1.0,0.74,0.72
model_cat_lr0.0075,fc,1,0,20,0.1,30,0.05,30,0.2,0.01,2000,5,5,1.0,0.74,0.72
model_cat_lr0.0075,fc,1,0,20,0.1,30,0.05,30,0.2,0.01,4000,5,5,1.0,0.74,0.72
model_cat_lr0.0075,fc,1,0,20,0.1,60,0.01,60,0.0,0.01,2000,5,5,1.0,0.74,0.72
model_cat_lr0.0075,fc,1,0,20,0.1,60,0.01,60,0.0,0.01,4000,5,5,1.0,0.74,0.72
model_cat_lr0.0075,fc,1,0,20,0.1,60,0.01,60,0.2,0.01,2000,5,5,1.0,0.74,0.72
model_cat_lr0.0075,fc,1,0,20,0.1,60,0.01,60,0.2,0.01,4000,5,5,1.0,0.74,0.72
model_cat_lr0.0075,fc,1,0,20,0.1,60,0.03,60,0.0,0.01,2000,5,5,1.0,0.74,0.7559999999999999
model_cat_lr0.0075,fc,1,0,20,0.1,60,0.03,60,0.0,0.01,4000,5,5,1.0,0.74,0.76
model_cat_lr0.0075,fc,1,0,20,0.1,60,0.03,60,0.2,0.01,2000,5,5,1.0,0.74,0.72
model_cat_lr0.0075,fc,1,0,20,0.1,60,0.03,60,0.2,0.01,4000,5,5,1.0,0.74,0.744
model_cat_lr0.0075,fc,1,0,20,0.1,60,0.05,60,0.0,0.01,2000,5,5,1.0,0.74,0.748
model_cat_lr0.0075,fc,1,0,20,0.1,60,0.05,60,0.0,0.01,4000,5,5,1.0,0.74,0.744
model_cat_lr0.0075,fc,1,0,20,0.1,60,0.05,60,0.2,0.01,2000,5,5,1.0,0.74,0.748
model_cat_lr0.0075,fc,1,0,20,0.1,60,0.05,60,0.2,0.01,4000,5,5,1.0,0.74,0.7399999999999999
model_cat_lr0.0075,fc,1,0,20,0.1,30,0.01,30,0.2,0.01,2000,5,4,0.8,0.74,0.7239999999999999
model_cifar10_lr0.001_30epochs,fc,2,0,20,0.1,60,0.03,60,0.0,0.01,2000,5,5,1.0,0.7641,0.6840200000000001
model_cifar10_lr0.001_30epochs,fc,2,0,20,0.1,60,0.01,60,0.0,0.01,4000,5,4,0.8,0.7641,0.6944799999999999
model_cifar10_lr0.001_30epochs,fc,2,0,20,0.1,30,0.01,30,0.2,0.01,4000,5,3,0.6,0.7641,0.69514
model_cifar10_lr0.001_30epochs,fc,2,0,20,0.1,30,0.03,30,0.0,0.01,2000,5,3,0.6,0.7641,0.68588
model_cifar10_lr0.001_30epochs,fc,2,0,20,0.1,30,0.05,30,0.0,0.01,4000,5,3,0.6,0.7641,0.6948399999999999
model_cifar10_lr0.001_30epochs,fc,2,0,20,0.1,60,0.01,60,0.0,0.01,2000,5,3,0.6,0.7641,0.68266
model_cifar10_lr0.001_30epochs,fc,2,0,20,0.1,60,0.03,60,0.2,0.01,4000,5,3,0.6,0.7641,0.70702
model_cifar10_lr0.001_30epochs,fc,2,0,20,0.1,60,0.05,60,0.0,0.01,2000,5,3,0.6,0.7641,0.69748
model_cifar10_lr0.001_30epochs,fc,2,0,20,0.1,60,0.05,60,0.2,0.01,2000,5,3,0.6,0.7641,0.6855200000000001
model_cifar10_lr0.001_30epochs,fc,2,0,20,0.1,30,0.01,30,0.2,0.01,2000,5,2,0.4,0.7641,0.69418
model_cifar10_lr0.001_30epochs,fc,2,0,20,0.1,30,0.03,30,0.0,0.01,4000,5,2,0.4,0.7641,0.6956200000000001
model_cifar10_lr0.001_30epochs,fc,2,0,20,0.1,30,0.03,30,0.2,0.01,2000,5,2,0.4,0.7641,0.68548
model_cifar10_lr0.001_30epochs,fc,2,0,20,0.1,30,0.05,30,0.0,0.01,2000,5,2,0.4,0.7641,0.6919
model_cifar10_lr0.001_30epochs,fc,2,0,20,0.1,30,0.05,30,0.2,0.01,2000,5,2,0.4,0.7641,0.68082
model_cifar10_lr0.001_30epochs,fc,2,0,20,0.1,60,0.01,60,0.2,0.01,2000,5,2,0.4,0.7641,0.6959
model_cifar10_lr0.001_30epochs,fc,2,0,20,0.1,60,0.03,60,0.0,0.01,4000,5,2,0.4,0.7641,0.69978
model_cifar10_lr0.001_30epochs,fc,2,0,20,0.1,60,0.03,60,0.2,0.01,2000,5,2,0.4,0.7641,0.6747
model_cifar10_lr0.001_30epochs,fc,5,3,20,0.1,30,0.05,30,0.0,0.01,4000,5,2,0.4,0.7641,0.6566600000000001
model_cifar10_lr0.001_30epochs,fc,9,1,20,0.1,30,0.05,30,0.0,0.01,4000,5,2,0.4,0.7641,0.6597599999999999
model_cifar10_lr0.001_30epochs,fc,2,0,20,0.1,30,0.01,30,0.0,0.01,2000,5,1,0.2,0.7641,0.69824
model_cifar10_lr0.001_30epochs,fc,2,0,20,0.1,30,0.01,30,0.0,0.01,4000,5,1,0.2,0.7641,0.69756
model_cifar10_lr0.001_30epochs,fc,2,0,20,0.1,30,0.05,30,0.2,0.01,4000,5,1,0.2,0.7641,0.6991400000000001
model_cifar10_lr0.001_30epochs,fc,2,0,20,0.1,60,0.01,60,0.2,0.01,4000,5,1,0.2,0.7641,0.7038
model_cifar10_lr0.001_30epochs,fc,2,0,20,0.1,60,0.05,60,0.2,0.01,4000,5,1,0.2,0.7641,0.6879800000000001
model_cifar10_lr0.001_30epochs,fc,5,3,20,0.1,30,0.03,30,0.0,0.01,2000,5,1,0.2,0.7641,0.67034
model_cifar10_lr0.001_30epochs,fc,5,3,20,0.1,30,0.03,30,0.2,0.01,2000,5,1,0.2,0.7641,0.6889399999999999
model_cifar10_lr0.001_30epochs,fc,5,3,20,0.1,30,0.05,30,0.2,0.01,2000,5,1,0.2,0.7641,0.69422
model_cifar10_lr0.001_30epochs,fc,5,3,20,0.1,60,0.01,60,0.0,0.01,4000,5,1,0.2,0.7641,0.6906800000000001
model_cifar10_lr0.001_30epochs,fc,5,3,20,0.1,60,0.03,60,0.0,0.01,4000,5,1,0.2,0.7641,0.6854199999999999
model_cifar10_lr0.001_30epochs,fc,5,3,20,0.1,60,0.03,60,0.2,0.01,4000,5,1,0.2,0.7641,0.68442
model_cifar10_lr0.001_30epochs,fc,5,3,20,0.1,60,0.05,60,0.0,0.01,2000,5,1,0.2,0.7641,0.69904
model_cifar10_lr0.001_30epochs,fc,7,4,20,0.1,30,0.01,30,0.2,0.01,2000,5,1,0.2,0.7641,0.6868799999999999
model_cifar10_lr0.001_30epochs,fc,7,4,20,0.1,30,0.01,30,0.2,0.01,4000,5,1,0.2,0.7641,0.7013999999999999
model_cifar10_lr0.001_30epochs,fc,7,4,20,0.1,30,0.03,30,0.2,0.01,2000,5,1,0.2,0.7641,0.6858599999999999
model_cifar10_lr0.001_30epochs,fc,7,4,20,0.1,30,0.05,30,0.2,0.01,2000,5,1,0.2,0.7641,0.69508
model_cifar10_lr0.001_30epochs,fc,7,4,20,0.1,60,0.01,60,0.0,0.01,2000,5,1,0.2,0.7641,0.66828
model_cifar10_lr0.001_30epochs,fc,7,4,20,0.1,60,0.01,60,0.2,0.01,4000,5,1,0.2,0.7641,0.6850399999999999
model_cifar10_lr0.001_30epochs,fc,7,4,20,0.1,60,0.03,60,0.0,0.01,4000,5,1,0.2,0.7641,0.68348
model_cifar10_lr0.001_30epochs,fc,7,4,20,0.1,60,0.05,60,0.0,0.01,2000,5,1,0.2,0.7641,0.67628
model_cifar10_lr0.001_30epochs,fc,7,4,20,0.1,60,0.05,60,0.0,0.01,4000,5,1,0.2,0.7641,0.69508
model_cifar10_lr0.001_30epochs,fc,7,4,20,0.1,60,0.05,60,0.2,0.01,4000,5,1,0.2,0.7641,0.6763
model_cifar10_lr0.001_30epochs,fc,9,1,20,0.1,60,0.03,60,0.0,0.01,2000,5,1,0.2,0.7641,0.67018
model_cifar10_lr0.001_30epochs,fc,2,0,20,0.1,30,0.03,30,0.2,0.01,4000,5,0,0.0,0.7641,0.65938
model_cifar10_lr0.001_30epochs,fc,2,0,20,0.1,60,0.05,60,0.0,0.01,4000,5,0,0.0,0.7641,0.6980999999999999
model_cifar10_lr0.001_30epochs,fc,5,3,20,0.1,30,0.01,30,0.0,0.01,2000,5,0,0.0,0.7641,0.68528
model_cifar10_lr0.001_30epochs,fc,5,3,20,0.1,30,0.01,30,0.0,0.01,4000,5,0,0.0,0.7641,0.6847799999999999
model_cifar10_lr0.001_30epochs,fc,5,3,20,0.1,30,0.01,30,0.2,0.01,2000,5,0,0.0,0.7641,0.67844
model_cifar10_lr0.001_30epochs,fc,5,3,20,0.1,30,0.01,30,0.2,0.01,4000,5,0,0.0,0.7641,0.6993400000000001
model_cifar10_lr0.001_30epochs,fc,5,3,20,0.1,30,0.03,30,0.0,0.01,4000,5,0,0.0,0.7641,0.69474
model_cifar10_lr0.001_30epochs,fc,5,3,20,0.1,30,0.03,30,0.2,0.01,4000,5,0,0.0,0.7641,0.6877800000000001
model_cifar10_lr0.001_30epochs,fc,5,3,20,0.1,30,0.05,30,0.0,0.01,2000,5,0,0.0,0.7641,0.69384
model_cifar10_lr0.001_30epochs,fc,5,3,20,0.1,30,0.05,30,0.2,0.01,4000,5,0,0.0,0.7641,0.6919799999999999
model_cifar10_lr0.001_30epochs,fc,5,3,20,0.1,60,0.01,60,0.0,0.01,2000,5,0,0.0,0.7641,0.69168
model_cifar10_lr0.001_30epochs,fc,5,3,20,0.1,60,0.01,60,0.2,0.01,2000,5,0,0.0,0.7641,0.68184
model_cifar10_lr0.001_30epochs,fc,5,3,20,0.1,60,0.01,60,0.2,0.01,4000,5,0,0.0,0.7641,0.67562
model_cifar10_lr0.001_30epochs,fc,5,3,20,0.1,60,0.03,60,0.0,0.01,2000,5,0,0.0,0.7641,0.69574
model_cifar10_lr0.001_30epochs,fc,5,3,20,0.1,60,0.03,60,0.2,0.01,2000,5,0,0.0,0.7641,0.6917199999999999
model_cifar10_lr0.001_30epochs,fc,5,3,20,0.1,60,0.05,60,0.0,0.01,4000,5,0,0.0,0.7641,0.6760200000000001
model_cifar10_lr0.001_30epochs,fc,5,3,20,0.1,60,0.05,60,0.2,0.01,2000,5,0,0.0,0.7641,0.69576
model_cifar10_lr0.001_30epochs,fc,5,3,20,0.1,60,0.05,60,0.2,0.01,4000,5,0,0.0,0.7641,0.68794
model_cifar10_lr0.001_30epochs,fc,7,4,20,0.1,30,0.01,30,0.0,0.01,2000,5,0,0.0,0.7641,0.6873799999999999
model_cifar10_lr0.001_30epochs,fc,7,4,20,0.1,30,0.01,30,0.0,0.01,4000,5,0,0.0,0.7641,0.67234
model_cifar10_lr0.001_30epochs,fc,7,4,20,0.1,30,0.03,30,0.0,0.01,2000,5,0,0.0,0.7641,0.6800200000000001
model_cifar10_lr0.001_30epochs,fc,7,4,20,0.1,30,0.03,30,0.0,0.01,4000,5,0,0.0,0.7641,0.69298
model_cifar10_lr0.001_30epochs,fc,7,4,20,0.1,30,0.03,30,0.2,0.01,4000,5,0,0.0,0.7641,0.6832
model_cifar10_lr0.001_30epochs,fc,7,4,20,0.1,30,0.05,30,0.0,0.01,2000,5,0,0.0,0.7641,0.67886
model_cifar10_lr0.001_30epochs,fc,7,4,20,0.1,30,0.05,30,0.0,0.01,4000,5,0,0.0,0.7641,0.68828
model_cifar10_lr0.001_30epochs,fc,7,4,20,0.1,30,0.05,30,0.2,0.01,4000,5,0,0.0,0.7641,0.67996
model_cifar10_lr0.001_30epochs,fc,7,4,20,0.1,60,0.01,60,0.0,0.01,4000,5,0,0.0,0.7641,0.6791
model_cifar10_lr0.001_30epochs,fc,7,4,20,0.1,60,0.01,60,0.2,0.01,2000,5,0,0.0,0.7641,0.6648
model_cifar10_lr0.001_30epochs,fc,7,4,20,0.1,60,0.03,60,0.0,0.01,2000,5,0,0.0,0.7641,0.6891200000000001
model_cifar10_lr0.001_30epochs,fc,7,4,20,0.1,60,0.03,60,0.2,0.01,2000,5,0,0.0,0.7641,0.6716399999999999
model_cifar10_lr0.001_30epochs,fc,7,4,20,0.1,60,0.03,60,0.2,0.01,4000,5,0,0.0,0.7641,0.68136
model_cifar10_lr0.001_30epochs,fc,7,4,20,0.1,60,0.05,60,0.2,0.01,2000,5,0,0.0,0.7641,0.6843199999999999
model_cifar10_lr0.001_30epochs,fc,9,1,20,0.1,30,0.01,30,0.0,0.01,2000,5,0,0.0,0.7641,0.6919000000000001
model_cifar10_lr0.001_30epochs,fc,9,1,20,0.1,30,0.01,30,0.0,0.01,4000,5,0,0.0,0.7641,0.66012
model_cifar10_lr0.001_30epochs,fc,9,1,20,0.1,30,0.01,30,0.2,0.01,2000,5,0,0.0,0.7641,0.68606
model_cifar10_lr0.001_30epochs,fc,9,1,20,0.1,30,0.01,30,0.2,0.01,4000,5,0,0.0,0.7641,0.6716
model_cifar10_lr0.001_30epochs,fc,9,1,20,0.1,30,0.03,30,0.0,0.01,2000,5,0,0.0,0.7641,0.69368
model_cifar10_lr0.001_30epochs,fc,9,1,20,0.1,30,0.03,30,0.0,0.01,4000,5,0,0.0,0.7641,0.69438
model_cifar10_lr0.001_30epochs,fc,9,1,20,0.1,30,0.03,30,0.2,0.01,2000,5,0,0.0,0.7641,0.6832400000000001
model_cifar10_lr0.001_30epochs,fc,9,1,20,0.1,30,0.03,30,0.2,0.01,4000,5,0,0.0,0.7641,0.68532
model_cifar10_lr0.001_30epochs,fc,9,1,20,0.1,30,0.05,30,0.0,0.01,2000,5,0,0.0,0.7641,0.6813
model_cifar10_lr0.001_30epochs,fc,9,1,20,0.1,30,0.05,30,0.2,0.01,2000,5,0,0.0,0.7641,0.68674
model_cifar10_lr0.001_30epochs,fc,9,1,20,0.1,30,0.05,30,0.2,0.01,4000,5,0,0.0,0.7641,0.6840599999999999
model_cifar10_lr0.001_30epochs,fc,9,1,20,0.1,60,0.01,60,0.0,0.01,2000,5,0,0.0,0.7641,0.68504
model_cifar10_lr0.001_30epochs,fc,9,1,20,0.1,60,0.01,60,0.0,0.01,4000,5,0,0.0,0.7641,0.68544
model_cifar10_lr0.001_30epochs,fc,9,1,20,0.1,60,0.01,60,0.2,0.01,2000,5,0,0.0,0.7641,0.6930799999999999
model_cifar10_lr0.001_30epochs,fc,9,1,20,0.1,60,0.01,60,0.2,0.01,4000,5,0,0.0,0.7641,0.68604
model_cifar10_lr0.001_30epochs,fc,9,1,20,0.1,60,0.03,60,0.0,0.01,4000,5,0,0.0,0.7641,0.6814199999999999
model_cifar10_lr0.001_30epochs,fc,9,1,20,0.1,60,0.03,60,0.2,0.01,2000,5,0,0.0,0.7641,0.6907399999999999
model_cifar10_lr0.001_30epochs,fc,9,1,20,0.1,60,0.03,60,0.2,0.01,4000,5,0,0.0,0.7641,0.6874399999999999
model_cifar10_lr0.001_30epochs,fc,9,1,20,0.1,60,0.05,60,0.0,0.01,2000,5,0,0.0,0.7641,0.68468
model_cifar10_lr0.001_30epochs,fc,9,1,20,0.1,60,0.05,60,0.0,0.01,4000,5,0,0.0,0.7641,0.6621400000000001
model_cifar10_lr0.001_30epochs,fc,9,1,20,0.1,60,0.05,60,0.2,0.01,2000,5,0,0.0,0.7641,0.67188
model_cifar10_lr0.001_30epochs,fc,9,1,20,0.1,60,0.05,60,0.2,0.01,4000,5,0,0.0,0.7641,0.6963
model_mnist_lr0.0075,fc,8,3,20,0.1,60,0.01,60,0.0,0.01,2000,5,1,0.2,0.9266,0.9162399999999999
model_mnist_lr0.0075,fc,8,3,20,0.1,60,0.05,60,0.2,0.01,4000,5,1,0.2,0.9266,0.90554
model_mnist_lr0.0075,fc,1,7,20,0.1,30,0.01,30,0.0,0.01,2000,5,0,0.0,0.9266,0.91942
model_mnist_lr0.0075,fc,1,7,20,0.1,30,0.01,30,0.0,0.01,4000,5,0,0.0,0.9266,0.91898
model_mnist_lr0.0075,fc,1,7,20,0.1,30,0.01,30,0.2,0.01,2000,5,0,0.0,0.9266,0.91892
model_mnist_lr0.0075,fc,1,7,20,0.1,30,0.01,30,0.2,0.01,4000,5,0,0.0,0.9266,0.91934
model_mnist_lr0.0075,fc,1,7,20,0.1,30,0.03,30,0.0,0.01,2000,5,0,0.0,0.9266,0.91388
model_mnist_lr0.0075,fc,1,7,20,0.1,30,0.03,30,0.0,0.01,4000,5,0,0.0,0.9266,0.9193000000000001
model_mnist_lr0.0075,fc,1,7,20,0.1,30,0.03,30,0.2,0.01,2000,5,0,0.0,0.9266,0.9212
model_mnist_lr0.0075,fc,1,7,20,0.1,30,0.03,30,0.2,0.01,4000,5,0,0.0,0.9266,0.9077999999999999
model_mnist_lr0.0075,fc,1,7,20,0.1,30,0.05,30,0.0,0.01,2000,5,0,0.0,0.9266,0.9202199999999999
model_mnist_lr0.0075,fc,1,7,20,0.1,30,0.05,30,0.0,0.01,4000,5,0,0.0,0.9266,0.9058799999999998
model_mnist_lr0.0075,fc,1,7,20,0.1,30,0.05,30,0.2,0.01,2000,5,0,0.0,0.9266,0.92118
model_mnist_lr0.0075,fc,1,7,20,0.1,30,0.05,30,0.2,0.01,4000,5,0,0.0,0.9266,0.9134599999999999
model_mnist_lr0.0075,fc,1,7,20,0.1,60,0.01,60,0.0,0.01,2000,5,0,0.0,0.9266,0.9239599999999999
model_mnist_lr0.0075,fc,1,7,20,0.1,60,0.01,60,0.0,0.01,4000,5,0,0.0,0.9266,0.91966
model_mnist_lr0.0075,fc,1,7,20,0.1,60,0.01,60,0.2,0.01,2000,5,0,0.0,0.9266,0.91654
model_mnist_lr0.0075,fc,1,7,20,0.1,60,0.01,60,0.2,0.01,4000,5,0,0.0,0.9266,0.92272
model_mnist_lr0.0075,fc,1,7,20,0.1,60,0.03,60,0.0,0.01,2000,5,0,0.0,0.9266,0.9201400000000002
model_mnist_lr0.0075,fc,1,7,20,0.1,60,0.03,60,0.0,0.01,4000,5,0,0.0,0.9266,0.9216799999999999
model_mnist_lr0.0075,fc,1,7,20,0.1,60,0.03,60,0.2,0.01,2000,5,0,0.0,0.9266,0.9158999999999999
model_mnist_lr0.0075,fc,1,7,20,0.1,60,0.03,60,0.2,0.01,4000,5,0,0.0,0.9266,0.9185399999999999
model_mnist_lr0.0075,fc,1,7,20,0.1,60,0.05,60,0.0,0.01,2000,5,0,0.0,0.9266,0.91956
model_mnist_lr0.0075,fc,1,7,20,0.1,60,0.05,60,0.0,0.01,4000,5,0,0.0,0.9266,0.9103
model_mnist_lr0.0075,fc,1,7,20,0.1,60,0.05,60,0.2,0.01,2000,5,0,0.0,0.9266,0.9195
model_mnist_lr0.0075,fc,1,7,20,0.1,60,0.05,60,0.2,0.01,4000,5,0,0.0,0.9266,0.9129799999999999
model_mnist_lr0.0075,fc,4,9,20,0.1,30,0.01,30,0.0,0.01,2000,5,0,0.0,0.9266,0.92034
model_mnist_lr0.0075,fc,4,9,20,0.1,30,0.01,30,0.0,0.01,4000,5,0,0.0,0.9266,0.92272
model_mnist_lr0.0075,fc,4,9,20,0.1,30,0.01,30,0.2,0.01,2000,5,0,0.0,0.9266,0.9216599999999999
model_mnist_lr0.0075,fc,4,9,20,0.1,30,0.01,30,0.2,0.01,4000,5,0,0.0,0.9266,0.9179999999999999
model_mnist_lr0.0075,fc,4,9,20,0.1,30,0.03,30,0.0,0.01,2000,5,0,0.0,0.9266,0.91762
model_mnist_lr0.0075,fc,4,9,20,0.1,30,0.03,30,0.0,0.01,4000,5,0,0.0,0.9266,0.9214600000000001
model_mnist_lr0.0075,fc,4,9,20,0.1,30,0.03,30,0.2,0.01,2000,5,0,0.0,0.9266,0.91774
model_mnist_lr0.0075,fc,4,9,20,0.1,30,0.03,30,0.2,0.01,4000,5,0,0.0,0.9266,0.9168800000000001
model_mnist_lr0.0075,fc,4,9,20,0.1,30,0.05,30,0.0,0.01,2000,5,0,0.0,0.9266,0.9178200000000001
model_mnist_lr0.0075,fc,4,9,20,0.1,30,0.05,30,0.0,0.01,4000,5,0,0.0,0.9266,0.9190399999999999
model_mnist_lr0.0075,fc,4,9,20,0.1,30,0.05,30,0.2,0.01,2000,5,0,0.0,0.9266,0.9174599999999999
model_mnist_lr0.0075,fc,4,9,20,0.1,30,0.05,30,0.2,0.01,4000,5,0,0.0,0.9266,0.92132
model_mnist_lr0.0075,fc,4,9,20,0.1,60,0.01,60,0.0,0.01,2000,5,0,0.0,0.9266,0.91862
model_mnist_lr0.0075,fc,4,9,20,0.1,60,0.01,60,0.0,0.01,4000,5,0,0.0,0.9266,0.8834
model_mnist_lr0.0075,fc,4,9,20,0.1,60,0.01,60,0.2,0.01,2000,5,0,0.0,0.9266,0.92078
model_mnist_lr0.0075,fc,4,9,20,0.1,60,0.01,60,0.2,0.01,4000,5,0,0.0,0.9266,0.9164200000000001
model_mnist_lr0.0075,fc,4,9,20,0.1,60,0.03,60,0.0,0.01,2000,5,0,0.0,0.9266,0.91852
model_mnist_lr0.0075,fc,4,9,20,0.1,60,0.03,60,0.0,0.01,4000,5,0,0.0,0.9266,0.9137599999999999
model_mnist_lr0.0075,fc,4,9,20,0.1,60,0.03,60,0.2,0.01,2000,5,0,0.0,0.9266,0.91944
model_mnist_lr0.0075,fc,4,9,20,0.1,60,0.03,60,0.2,0.01,4000,5,0,0.0,0.9266,0.9212999999999999
model_mnist_lr0.0075,fc,4,9,20,0.1,60,0.05,60,0.0,0.01,2000,5,0,0.0,0.9266,0.91874
model_mnist_lr0.0075,fc,4,9,20,0.1,60,0.05,60,0.0,0.01,4000,5,0,0.0,0.9266,0.92072
model_mnist_lr0.0075,fc,4,9,20,0.1,60,0.05,60,0.2,0.01,2000,5,0,0.0,0.9266,0.9159200000000001
model_mnist_lr0.0075,fc,4,9,20,0.1,60,0.05,60,0.2,0.01,4000,5,0,0.0,0.9266,0.92348
model_mnist_lr0.0075,fc,6,5,20,0.1,30,0.01,30,0.0,0.01,2000,5,0,0.0,0.9266,0.9196199999999999
model_mnist_lr0.0075,fc,6,5,20,0.1,30,0.01,30,0.0,0.01,4000,5,0,0.0,0.9266,0.9179599999999999
model_mnist_lr0.0075,fc,6,5,20,0.1,30,0.01,30,0.2,0.01,2000,5,0,0.0,0.9266,0.9159200000000001
model_mnist_lr0.0075,fc,6,5,20,0.1,30,0.01,30,0.2,0.01,4000,5,0,0.0,0.9266,0.91098
model_mnist_lr0.0075,fc,6,5,20,0.1,30,0.03,30,0.0,0.01,2000,5,0,0.0,0.9266,0.9106200000000001
model_mnist_lr0.0075,fc,6,5,20,0.1,30,0.03,30,0.0,0.01,4000,5,0,0.0,0.9266,0.91706
model_mnist_lr0.0075,fc,6,5,20,0.1,30,0.03,30,0.2,0.01,2000,5,0,0.0,0.9266,0.9197199999999999
model_mnist_lr0.0075,fc,6,5,20,0.1,30,0.03,30,0.2,0.01,4000,5,0,0.0,0.9266,0.91792
model_mnist_lr0.0075,fc,6,5,20,0.1,30,0.05,30,0.0,0.01,2000,5,0,0.0,0.9266,0.9195399999999999
model_mnist_lr0.0075,fc,6,5,20,0.1,30,0.05,30,0.0,0.01,4000,5,0,0.0,0.9266,0.91558
model_mnist_lr0.0075,fc,6,5,20,0.1,30,0.05,30,0.2,0.01,2000,5,0,0.0,0.9266,0.92142
model_mnist_lr0.0075,fc,6,5,20,0.1,30,0.05,30,0.2,0.01,4000,5,0,0.0,0.9266,0.91576
model_mnist_lr0.0075,fc,6,5,20,0.1,60,0.01,60,0.0,0.01,2000,5,0,0.0,0.9266,0.9067400000000001
model_mnist_lr0.0075,fc,6,5,20,0.1,60,0.01,60,0.0,0.01,4000,5,0,0.0,0.9266,0.9165599999999999
model_mnist_lr0.0075,fc,6,5,20,0.1,60,0.01,60,0.2,0.01,2000,5,0,0.0,0.9266,0.91856
model_mnist_lr0.0075,fc,6,5,20,0.1,60,0.01,60,0.2,0.01,4000,5,0,0.0,0.9266,0.92132
model_mnist_lr0.0075,fc,6,5,20,0.1,60,0.03,60,0.0,0.01,2000,5,0,0.0,0.9266,0.92052
model_mnist_lr0.0075,fc,6,5,20,0.1,60,0.03,60,0.0,0.01,4000,5,0,0.0,0.9266,0.9229800000000001
model_mnist_lr0.0075,fc,6,5,20,0.1,60,0.03,60,0.2,0.01,2000,5,0,0.0,0.9266,0.91822
model_mnist_lr0.0075,fc,6,5,20,0.1,60,0.03,60,0.2,0.01,4000,5,0,0.0,0.9266,0.9087999999999999
model_mnist_lr0.0075,fc,6,5,20,0.1,60,0.05,60,0.0,0.01,2000,5,0,0.0,0.9266,0.9098799999999999
model_mnist_lr0.0075,fc,6,5,20,0.1,60,0.05,60,0.0,0.01,4000,5,0,0.0,0.9266,0.9211
model_mnist_lr0.0075,fc,6,5,20,0.1,60,0.05,60,0.2,0.01,2000,5,0,0.0,0.9266,0.9206799999999999
model_mnist_lr0.0075,fc,6,5,20,0.1,60,0.05,60,0.2,0.01,4000,5,0,0.0,0.9266,0.9192199999999999
model_mnist_lr0.0075,fc,8,3,20,0.1,30,0.01,30,0.0,0.01,2000,5,0,0.0,0.9266,0.9171400000000001
model_mnist_lr0.0075,fc,8,3,20,0.1,30,0.01,30,0.0,0.01,4000,5,0,0.0,0.9266,0.92296
model_mnist_lr0.0075,fc,8,3,20,0.1,30,0.01,30,0.2,0.01,2000,5,0,0.0,0.9266,0.92142
model_mnist_lr0.0075,fc,8,3,20,0.1,30,0.01,30,0.2,0.01,4000,5,0,0.0,0.9266,0.9175600000000002
model_mnist_lr0.0075,fc,8,3,20,0.1,30,0.03,30,0.0,0.01,2000,5,0,0.0,0.9266,0.89236
model_mnist_lr0.0075,fc,8,3,20,0.1,30,0.03,30,0.0,0.01,4000,5,0,0.0,0.9266,0.91686
model_mnist_lr0.0075,fc,8,3,20,0.1,30,0.03,30,0.2,0.01,2000,5,0,0.0,0.9266,0.90168
model_mnist_lr0.0075,fc,8,3,20,0.1,30,0.03,30,0.2,0.01,4000,5,0,0.0,0.9266,0.91502
model_mnist_lr0.0075,fc,8,3,20,0.1,30,0.05,30,0.0,0.01,2000,5,0,0.0,0.9266,0.92214
model_mnist_lr0.0075,fc,8,3,20,0.1,30,0.05,30,0.0,0.01,4000,5,0,0.0,0.9266,0.9210800000000001
model_mnist_lr0.0075,fc,8,3,20,0.1,30,0.05,30,0.2,0.01,2000,5,0,0.0,0.9266,0.9219799999999999
model_mnist_lr0.0075,fc,8,3,20,0.1,30,0.05,30,0.2,0.01,4000,5,0,0.0,0.9266,0.92132
model_mnist_lr0.0075,fc,8,3,20,0.1,60,0.01,60,0.0,0.01,4000,5,0,0.0,0.9266,0.91816
model_mnist_lr0.0075,fc,8,3,20,0.1,60,0.01,60,0.2,0.01,2000,5,0,0.0,0.9266,0.91544
model_mnist_lr0.0075,fc,8,3,20,0.1,60,0.01,60,0.2,0.01,4000,5,0,0.0,0.9266,0.9238
model_mnist_lr0.0075,fc,8,3,20,0.1,60,0.03,60,0.0,0.01,2000,5,0,0.0,0.9266,0.91684
model_mnist_lr0.0075,fc,8,3,20,0.1,60,0.03,60,0.0,0.01,4000,5,0,0.0,0.9266,0.9176
model_mnist_lr0.0075,fc,8,3,20,0.1,60,0.03,60,0.2,0.01,2000,5,0,0.0,0.9266,0.9160599999999999
model_mnist_lr0.0075,fc,8,3,20,0.1,60,0.03,60,0.2,0.01,4000,5,0,0.0,0.9266,0.92386
model_mnist_lr0.0075,fc,8,3,20,0.1,60,0.05,60,0.0,0.01,2000,5,0,0.0,0.9266,0.9167799999999999
model_mnist_lr0.0075,fc,8,3,20,0.1,60,0.05,60,0.0,0.01,4000,5,0,0.0,0.9266,0.9090400000000001
model_mnist_lr0.0075,fc,8,3,20,0.1,60,0.05,60,0.2,0.01,2000,5,0,0.0,0.9266,0.9167000000000002
model_cat_lr0.0075,gradient,1,0,20,0.1,30,0.01,30,0.0,0.01,2000,5,5,1.0,0.74,0.72
model_cat_lr0.0075,gradient,1,0,20,0.1,30,0.01,30,0.0,0.01,4000,5,5,1.0,0.74,0.72
model_cat_lr0.0075,gradient,1,0,20,0.1,30,0.01,30,0.2,0.01,2000,5,5,1.0,0.74,0.72
model_cat_lr0.0075,gradient,1,0,20,0.1,30,0.01,30,0.2,0.01,4000,5,5,1.0,0.74,0.72
model_cat_lr0.0075,gradient,1,0,20,0.1,30,0.03,30,0.0,0.01,2000,5,5,1.0,0.74,0.724
model_cat_lr0.0075,gradient,1,0,20,0.1,30,0.03,30,0.0,0.01,4000,5,5,1.0,0.74,0.72
model_cat_lr0.0075,gradient,1,0,20,0.1,30,0.03,30,0.2,0.01,2000,5,5,1.0,0.74,0.744
model_cat_lr0.0075,gradient,1,0,20,0.1,30,0.03,30,0.2,0.01,4000,5,5,1.0,0.74,0.72
model_cat_lr0.0075,gradient,1,0,20,0.1,30,0.05,30,0.0,0.01,2000,5,5,1.0,0.74,0.72
model_cat_lr0.0075,gradient,1,0,20,0.1,30,0.05,30,0.0,0.01,4000,5,5,1.0,0.74,0.732
model_cat_lr0.0075,gradient,1,0,20,0.1,30,0.05,30,0.2,0.01,2000,5,5,1.0,0.74,0.732
model_cat_lr0.0075,gradient,1,0,20,0.1,30,0.05,30,0.2,0.01,4000,5,5,1.0,0.74,0.7239999999999999
model_cat_lr0.0075,gradient,1,0,20,0.1,60,0.01,60,0.0,0.01,2000,5,5,1.0,0.74,0.72
model_cat_lr0.0075,gradient,1,0,20,0.1,60,0.01,60,0.0,0.01,4000,5,5,1.0,0.74,0.72
model_cat_lr0.0075,gradient,1,0,20,0.1,60,0.01,60,0.2,0.01,2000,5,5,1.0,0.74,0.72
model_cat_lr0.0075,gradient,1,0,20,0.1,60,0.01,60,0.2,0.01,4000,5,5,1.0,0.74,0.72
model_cat_lr0.0075,gradient,1,0,20,0.1,60,0.03,60,0.0,0.01,2000,5,5,1.0,0.74,0.7559999999999999
model_cat_lr0.0075,gradient,1,0,20,0.1,60,0.03,60,0.0,0.01,4000,5,5,1.0,0.74,0.752
model_cat_lr0.0075,gradient,1,0,20,0.1,60,0.03,60,0.2,0.01,2000,5,5,1.0,0.74,0.7559999999999999
model_cat_lr0.0075,gradient,1,0,20,0.1,60,0.03,60,0.2,0.01,4000,5,5,1.0,0.74,0.76
model_cat_lr0.0075,gradient,1,0,20,0.1,60,0.05,60,0.0,0.01,2000,5,5,1.0,0.74,0.756
model_cat_lr0.0075,gradient,1,0,20,0.1,60,0.05,60,0.0,0.01,4000,5,5,1.0,0.74,0.7559999999999999
model_cat_lr0.0075,gradient,1,0,20,0.1,60,0.05,60,0.2,0.01,2000,5,5,1.0,0.74,0.76
model_cat_lr0.0075,gradient,1,0,20,0.1,60,0.05,60,0.2,0.01,4000,5,5,1.0,0.74,0.752
model_cifar10_lr0.001_30epochs,gradient,2,0,20,0.1,30,0.01,30,0.0,0.01,2000,5,4,0.8,0.7641,0.68242
model_cifar10_lr0.001_30epochs,gradient,2,0,20,0.1,30,0.03,30,0.0,0.01,4000,5,4,0.8,0.7641,0.68788
model_cifar10_lr0.001_30epochs,gradient,2,0,20,0.1,30,0.05,30,0.2,0.01,4000,5,4,0.8,0.7641,0.6869799999999999
model_cifar10_lr0.001_30epochs,gradient,2,0,20,0.1,60,0.01,60,0.0,0.01,4000,5,4,0.8,0.7641,0.6684399999999999
model_cifar10_lr0.001_30epochs,gradient,2,0,20,0.1,60,0.03,60,0.0,0.01,2000,5,4,0.8,0.7641,0.6998800000000001
model_cifar10_lr0.001_30epochs,gradient,2,0,20,0.1,30,0.01,30,0.2,0.01,4000,5,3,0.6,0.7641,0.6914
model_cifar10_lr0.001_30epochs,gradient,2,0,20,0.1,30,0.05,30,0.0,0.01,4000,5,3,0.6,0.7641,0.6674999999999999
model_cifar10_lr0.001_30epochs,gradient,2,0,20,0.1,60,0.01,60,0.2,0.01,2000,5,3,0.6,0.7641,0.6843
model_cifar10_lr0.001_30epochs,gradient,2,0,20,0.1,60,0.03,60,0.2,0.01,2000,5,3,0.6,0.7641,0.70082
model_cifar10_lr0.001_30epochs,gradient,2,0,20,0.1,60,0.03,60,0.2,0.01,4000,5,3,0.6,0.7641,0.69784
model_cifar10_lr0.001_30epochs,gradient,2,0,20,0.1,60,0.05,60,0.0,0.01,2000,5,3,0.6,0.7641,0.67354
model_cifar10_lr0.001_30epochs,gradient,2,0,20,0.1,60,0.05,60,0.2,0.01,2000,5,3,0.6,0.7641,0.67816
model_cifar10_lr0.001_30epochs,gradient,2,0,20,0.1,60,0.05,60,0.2,0.01,4000,5,3,0.6,0.7641,0.66856
model_cifar10_lr0.001_30epochs,gradient,2,0,20,0.1,30,0.01,30,0.0,0.01,4000,5,2,0.4,0.7641,0.69756
model_cifar10_lr0.001_30epochs,gradient,2,0,20,0.1,30,0.05,30,0.0,0.01,2000,5,2,0.4,0.7641,0.6873
model_cifar10_lr0.001_30epochs,gradient,2,0,20,0.1,60,0.01,60,0.0,0.01,2000,5,2,0.4,0.7641,0.69482
model_cifar10_lr0.001_30epochs,gradient,2,0,20,0.1,60,0.01,60,0.2,0.01,4000,5,2,0.4,0.7641,0.69958
model_cifar10_lr0.001_30epochs,gradient,2,0,20,0.1,60,0.03,60,0.0,0.01,4000,5,2,0.4,0.7641,0.6807399999999999
model_cifar10_lr0.001_30epochs,gradient,7,4,20,0.1,30,0.01,30,0.0,0.01,2000,5,2,0.4,0.7641,0.6794399999999999
model_cifar10_lr0.001_30epochs,gradient,7,4,20,0.1,60,0.01,60,0.0,0.01,2000,5,2,0.4,0.7641,0.69484
model_cifar10_lr0.001_30epochs,gradient,7,4,20,0.1,60,0.05,60,0.0,0.01,2000,5,2,0.4,0.7641,0.6929000000000001
model_cifar10_lr0.001_30epochs,gradient,9,1,20,0.1,60,0.01,60,0.0,0.01,2000,5,2,0.4,0.7641,0.6811
model_cifar10_lr0.001_30epochs,gradient,2,0,20,0.1,30,0.01,30,0.2,0.01,2000,5,1,0.2,0.7641,0.6767799999999999
model_cifar10_lr0.001_30epochs,gradient,2,0,20,0.1,30,0.03,30,0.0,0.01,2000,5,1,0.2,0.7641,0.6923
model_cifar10_lr0.001_30epochs,gradient,2,0,20,0.1,30,0.03,30,0.2,0.01,2000,5,1,0.2,0.7641,0.67422
model_cifar10_lr0.001_30epochs,gradient,2,0,20,0.1,30,0.03,30,0.2,0.01,4000,5,1,0.2,0.7641,0.6913400000000001
model_cifar10_lr0.001_30epochs,gradient,2,0,20,0.1,30,0.05,30,0.2,0.01,2000,5,1,0.2,0.7641,0.68762
model_cifar10_lr0.001_30epochs,gradient,2,0,20,0.1,60,0.05,60,0.0,0.01,4000,5,1,0.2,0.7641,0.68062
model_cifar10_lr0.001_30epochs,gradient,5,3,20,0.1,30,0.01,30,0.0,0.01,2000,5,1,0.2,0.7641,0.68064
model_cifar10_lr0.001_30epochs,gradient,5,3,20,0.1,30,0.01,30,0.2,0.01,4000,5,1,0.2,0.7641,0.67546
model_cifar10_lr0.001_30epochs,gradient,5,3,20,0.1,30,0.03,30,0.0,0.01,2000,5,1,0.2,0.7641,0.69896
model_cifar10_lr0.001_30epochs,gradient,5,3,20,0.1,30,0.03,30,0.2,0.01,2000,5,1,0.2,0.7641,0.67466
model_cifar10_lr0.001_30epochs,gradient,5,3,20,0.1,30,0.03,30,0.2,0.01,4000,5,1,0.2,0.7641,0.6814
model_cifar10_lr0.001_30epochs,gradient,5,3,20,0.1,30,0.05,30,0.0,0.01,2000,5,1,0.2,0.7641,0.68376
model_cifar10_lr0.001_30epochs,gradient,5,3,20,0.1,30,0.05,30,0.2,0.01,4000,5,1,0.2,0.7641,0.6601999999999999
model_cifar10_lr0.001_30epochs,gradient,7,4,20,0.1,30,0.01,30,0.0,0.01,4000,5,1,0.2,0.7641,0.67934
model_cifar10_lr0.001_30epochs,gradient,7,4,20,0.1,30,0.01,30,0.2,0.01,2000,5,1,0.2,0.7641,0.6721199999999999
model_cifar10_lr0.001_30epochs,gradient,7,4,20,0.1,30,0.03,30,0.2,0.01,2000,5,1,0.2,0.7641,0.67622
model_cifar10_lr0.001_30epochs,gradient,7,4,20,0.1,30,0.03,30,0.2,0.01,4000,5,1,0.2,0.7641,0.69808
model_cifar10_lr0.001_30epochs,gradient,7,4,20,0.1,60,0.01,60,0.0,0.01,4000,5,1,0.2,0.7641,0.6815599999999999
model_cifar10_lr0.001_30epochs,gradient,7,4,20,0.1,60,0.01,60,0.2,0.01,2000,5,1,0.2,0.7641,0.6857
model_cifar10_lr0.001_30epochs,gradient,9,1,20,0.1,30,0.03,30,0.2,0.01,2000,5,1,0.2,0.7641,0.6715
model_cifar10_lr0.001_30epochs,gradient,9,1,20,0.1,30,0.03,30,0.2,0.01,4000,5,1,0.2,0.7641,0.66846
model_cifar10_lr0.001_30epochs,gradient,5,3,20,0.1,30,0.01,30,0.0,0.01,4000,5,0,0.0,0.7641,0.68312
model_cifar10_lr0.001_30epochs,gradient,5,3,20,0.1,30,0.01,30,0.2,0.01,2000,5,0,0.0,0.7641,0.6833
model_cifar10_lr0.001_30epochs,gradient,5,3,20,0.1,30,0.03,30,0.0,0.01,4000,5,0,0.0,0.7641,0.68998
model_cifar10_lr0.001_30epochs,gradient,5,3,20,0.1,30,0.05,30,0.0,0.01,4000,5,0,0.0,0.7641,0.66382
model_cifar10_lr0.001_30epochs,gradient,5,3,20,0.1,30,0.05,30,0.2,0.01,2000,5,0,0.0,0.7641,0.6963
model_cifar10_lr0.001_30epochs,gradient,5,3,20,0.1,60,0.01,60,0.0,0.01,2000,5,0,0.0,0.7641,0.6869400000000001
model_cifar10_lr0.001_30epochs,gradient,5,3,20,0.1,60,0.01,60,0.0,0.01,4000,5,0,0.0,0.7641,0.68998
model_cifar10_lr0.001_30epochs,gradient,5,3,20,0.1,60,0.01,60,0.2,0.01,2000,5,0,0.0,0.7641,0.6917199999999999
model_cifar10_lr0.001_30epochs,gradient,5,3,20,0.1,60,0.01,60,0.2,0.01,4000,5,0,0.0,0.7641,0.67924
model_cifar10_lr0.001_30epochs,gradient,5,3,20,0.1,60,0.03,60,0.0,0.01,2000,5,0,0.0,0.7641,0.6755599999999999
model_cifar10_lr0.001_30epochs,gradient,5,3,20,0.1,60,0.03,60,0.0,0.01,4000,5,0,0.0,0.7641,0.67918
model_cifar10_lr0.001_30epochs,gradient,5,3,20,0.1,60,0.03,60,0.2,0.01,2000,5,0,0.0,0.7641,0.6726599999999999
model_cifar10_lr0.001_30epochs,gradient,5,3,20,0.1,60,0.03,60,0.2,0.01,4000,5,0,0.0,0.7641,0.69036
model_cifar10_lr0.001_30epochs,gradient,5,3,20,0.1,60,0.05,60,0.0,0.01,2000,5,0,0.0,0.7641,0.6852199999999999
model_cifar10_lr0.001_30epochs,gradient,5,3,20,0.1,60,0.05,60,0.0,0.01,4000,5,0,0.0,0.7641,0.69356
model_cifar10_lr0.001_30epochs,gradient,5,3,20,0.1,60,0.05,60,0.2,0.01,2000,5,0,0.0,0.7641,0.6681199999999999
model_cifar10_lr0.001_30epochs,gradient,5,3,20,0.1,60,0.05,60,0.2,0.01,4000,5,0,0.0,0.7641,0.6967399999999999
model_cifar10_lr0.001_30epochs,gradient,7,4,20,0.1,30,0.01,30,0.2,0.01,4000,5,0,0.0,0.7641,0.69536
model_cifar10_lr0.001_30epochs,gradient,7,4,20,0.1,30,0.03,30,0.0,0.01,2000,5,0,0.0,0.7641,0.70208
model_cifar10_lr0.001_30epochs,gradient,7,4,20,0.1,30,0.03,30,0.0,0.01,4000,5,0,0.0,0.7641,0.7005999999999999
model_cifar10_lr0.001_30epochs,gradient,7,4,20,0.1,30,0.05,30,0.0,0.01,2000,5,0,0.0,0.7641,0.6869399999999999
model_cifar10_lr0.001_30epochs,gradient,7,4,20,0.1,30,0.05,30,0.0,0.01,4000,5,0,0.0,0.7641,0.67954
model_cifar10_lr0.001_30epochs,gradient,7,4,20,0.1,30,0.05,30,0.2,0.01,2000,5,0,0.0,0.7641,0.68064
model_cifar10_lr0.001_30epochs,gradient,7,4,20,0.1,30,0.05,30,0.2,0.01,4000,5,0,0.0,0.7641,0.67606
model_cifar10_lr0.001_30epochs,gradient,7,4,20,0.1,60,0.01,60,0.2,0.01,4000,5,0,0.0,0.7641,0.68938
model_cifar10_lr0.001_30epochs,gradient,7,4,20,0.1,60,0.03,60,0.0,0.01,2000,5,0,0.0,0.7641,0.67316
model_cifar10_lr0.001_30epochs,gradient,7,4,20,0.1,60,0.03,60,0.0,0.01,4000,5,0,0.0,0.7641,0.6742
model_cifar10_lr0.001_30epochs,gradient,7,4,20,0.1,60,0.03,60,0.2,0.01,2000,5,0,0.0,0.7641,0.69664
model_cifar10_lr0.001_30epochs,gradient,7,4,20,0.1,60,0.03,60,0.2,0.01,4000,5,0,0.0,0.7641,0.67602
model_cifar10_lr0.001_30epochs,gradient,7,4,20,0.1,60,0.05,60,0.0,0.01,4000,5,0,0.0,0.7641,0.70076
model_cifar10_lr0.001_30epochs,gradient,7,4,20,0.1,60,0.05,60,0.2,0.01,2000,5,0,0.0,0.7641,0.69228
model_cifar10_lr0.001_30epochs,gradient,7,4,20,0.1,60,0.05,60,0.2,0.01,4000,5,0,0.0,0.7641,0.6927999999999999
model_cifar10_lr0.001_30epochs,gradient,9,1,20,0.1,30,0.01,30,0.0,0.01,2000,5,0,0.0,0.7641,0.7016399999999999
model_cifar10_lr0.001_30epochs,gradient,9,1,20,0.1,30,0.01,30,0.0,0.01,4000,5,0,0.0,0.7641,0.66022
model_cifar10_lr0.001_30epochs,gradient,9,1,20,0.1,30,0.01,30,0.2,0.01,2000,5,0,0.0,0.7641,0.6759000000000001
model_cifar10_lr0.001_30epochs,gradient,9,1,20,0.1,30,0.01,30,0.2,0.01,4000,5,0,0.0,0.7641,0.68674
model_cifar10_lr0.001_30epochs,gradient,9,1,20,0.1,30,0.03,30,0.0,0.01,2000,5,0,0.0,0.7641,0.6924199999999999
model_cifar10_lr0.001_30epochs,gradient,9,1,20,0.1,30,0.03,30,0.0,0.01,4000,5,0,0.0,0.7641,0.68422
model_cifar10_lr0.001_30epochs,gradient,9,1,20,0.1,30,0.05,30,0.0,0.01,2000,5,0,0.0,0.7641,0.6609
model_cifar10_lr0.001_30epochs,gradient,9,1,20,0.1,30,0.05,30,0.0,0.01,4000,5,0,0.0,0.7641,0.68104
model_cifar10_lr0.001_30epochs,gradient,9,1,20,0.1,30,0.05,30,0.2,0.01,2000,5,0,0.0,0.7641,0.6583
model_cifar10_lr0.001_30epochs,gradient,9,1,20,0.1,30,0.05,30,0.2,0.01,4000,5,0,0.0,0.7641,0.67588
model_cifar10_lr0.001_30epochs,gradient,9,1,20,0.1,60,0.01,60,0.0,0.01,4000,5,0,0.0,0.7641,0.70088
model_cifar10_lr0.001_30epochs,gradient,9,1,20,0.1,60,0.01,60,0.2,0.01,2000,5,0,0.0,0.7641,0.69178
model_cifar10_lr0.001_30epochs,gradient,9,1,20,0.1,60,0.01,60,0.2,0.01,4000,5,0,0.0,0.7641,0.64848
model_cifar10_lr0.001_30epochs,gradient,9,1,20,0.1,60,0.03,60,0.0,0.01,2000,5,0,0.0,0.7641,0.6974400000000001
model_cifar10_lr0.001_30epochs,gradient,9,1,20,0.1,60,0.03,60,0.0,0.01,4000,5,0,0.0,0.7641,0.6907599999999998
model_cifar10_lr0.001_30epochs,gradient,9,1,20,0.1,60,0.03,60,0.2,0.01,2000,5,0,0.0,0.7641,0.68696
model_cifar10_lr0.001_30epochs,gradient,9,1,20,0.1,60,0.03,60,0.2,0.01,4000,5,0,0.0,0.7641,0.6737
model_cifar10_lr0.001_30epochs,gradient,9,1,20,0.1,60,0.05,60,0.0,0.01,2000,5,0,0.0,0.7641,0.6893
model_cifar10_lr0.001_30epochs,gradient,9,1,20,0.1,60,0.05,60,0.0,0.01,4000,5,0,0.0,0.7641,0.66684
model_cifar10_lr0.001_30epochs,gradient,9,1,20,0.1,60,0.05,60,0.2,0.01,2000,5,0,0.0,0.7641,0.67956
model_cifar10_lr0.001_30epochs,gradient,9,1,20,0.1,60,0.05,60,0.2,0.01,4000,5,0,0.0,0.7641,0.67858
model_mnist_lr0.0075,gradient,8,3,20,0.1,30,0.03,30,0.0,0.01,2000,5,1,0.2,0.9266,0.9067399999999999
model_mnist_lr0.0075,gradient,8,3,20,0.1,30,0.05,30,0.2,0.01,4000,5,1,0.2,0.9266,0.9192799999999999
model_mnist_lr0.0075,gradient,8,3,20,0.1,60,0.01,60,0.0,0.01,2000,5,1,0.2,0.9266,0.9190400000000001
model_mnist_lr0.0075,gradient,1,7,20,0.1,30,0.01,30,0.0,0.01,2000,5,0,0.0,0.9266,0.9228799999999999
model_mnist_lr0.0075,gradient,1,7,20,0.1,30,0.01,30,0.0,0.01,4000,5,0,0.0,0.9266,0.91752
model_mnist_lr0.0075,gradient,1,7,20,0.1,30,0.01,30,0.2,0.01,2000,5,0,0.0,0.9266,0.91326
model_mnist_lr0.0075,gradient,1,7,20,0.1,30,0.01,30,0.2,0.01,4000,5,0,0.0,0.9266,0.9223399999999999
model_mnist_lr0.0075,gradient,1,7,20,0.1,30,0.03,30,0.0,0.01,2000,5,0,0.0,0.9266,0.9163600000000001
model_mnist_lr0.0075,gradient,1,7,20,0.1,30,0.03,30,0.0,0.01,4000,5,0,0.0,0.9266,0.9143399999999999
model_mnist_lr0.0075,gradient,1,7,20,0.1,30,0.03,30,0.2,0.01,2000,5,0,0.0,0.9266,0.9207000000000001
model_mnist_lr0.0075,gradient,1,7,20,0.1,30,0.03,30,0.2,0.01,4000,5,0,0.0,0.9266,0.9116
model_mnist_lr0.0075,gradient,1,7,20,0.1,30,0.05,30,0.0,0.01,2000,5,0,0.0,0.9266,0.9232600000000002
model_mnist_lr0.0075,gradient,1,7,20,0.1,30,0.05,30,0.0,0.01,4000,5,0,0.0,0.9266,0.91504
model_mnist_lr0.0075,gradient,1,7,20,0.1,30,0.05,30,0.2,0.01,2000,5,0,0.0,0.9266,0.9145200000000001
model_mnist_lr0.0075,gradient,1,7,20,0.1,30,0.05,30,0.2,0.01,4000,5,0,0.0,0.9266,0.91626
model_mnist_lr0.0075,gradient,1,7,20,0.1,60,0.01,60,0.0,0.01,2000,5,0,0.0,0.9266,0.9113199999999999
model_mnist_lr0.0075,gradient,1,7,20,0.1,60,0.01,60,0.0,0.01,4000,5,0,0.0,0.9266,0.92132
model_mnist_lr0.0075,gradient,1,7,20,0.1,60,0.01,60,0.2,0.01,2000,5,0,0.0,0.9266,0.917
model_mnist_lr0.0075,gradient,1,7,20,0.1,60,0.01,60,0.2,0.01,4000,5,0,0.0,0.9266,0.9192599999999999
model_mnist_lr0.0075,gradient,1,7,20,0.1,60,0.03,60,0.0,0.01,2000,5,0,0.0,0.9266,0.9162399999999999
model_mnist_lr0.0075,gradient,1,7,20,0.1,60,0.03,60,0.0,0.01,4000,5,0,0.0,0.9266,0.9173600000000001
model_mnist_lr0.0075,gradient,1,7,20,0.1,60,0.03,60,0.2,0.01,2000,5,0,0.0,0.9266,0.9205400000000001
model_mnist_lr0.0075,gradient,1,7,20,0.1,60,0.03,60,0.2,0.01,4000,5,0,0.0,0.9266,0.91286
model_mnist_lr0.0075,gradient,1,7,20,0.1,60,0.05,60,0.0,0.01,2000,5,0,0.0,0.9266,0.92004
model_mnist_lr0.0075,gradient,1,7,20,0.1,60,0.05,60,0.0,0.01,4000,5,0,0.0,0.9266,0.91828
model_mnist_lr0.0075,gradient,1,7,20,0.1,60,0.05,60,0.2,0.01,2000,5,0,0.0,0.9266,0.92012
model_mnist_lr0.0075,gradient,1,7,20,0.1,60,0.05,60,0.2,0.01,4000,5,0,0.0,0.9266,0.92164
model_mnist_lr0.0075,gradient,4,9,20,0.1,30,0.01,30,0.0,0.01,2000,5,0,0.0,0.9266,0.9208400000000001
model_mnist_lr0.0075,gradient,4,9,20,0.1,30,0.01,30,0.0,0.01,4000,5,0,0.0,0.9266,0.92278
model_mnist_lr0.0075,gradient,4,9,20,0.1,30,0.01,30,0.2,0.01,2000,5,0,0.0,0.9266,0.91744
model_mnist_lr0.0075,gradient,4,9,20,0.1,30,0.01,30,0.2,0.01,4000,5,0,0.0,0.9266,0.91448
model_mnist_lr0.0075,gradient,4,9,20,0.1,30,0.03,30,0.0,0.01,2000,5,0,0.0,0.9266,0.91518
model_mnist_lr0.0075,gradient,4,9,20,0.1,30,0.03,30,0.0,0.01,4000,5,0,0.0,0.9266,0.9195399999999999
model_mnist_lr0.0075,gradient,4,9,20,0.1,30,0.03,30,0.2,0.01,2000,5,0,0.0,0.9266,0.92172
model_mnist_lr0.0075,gradient,4,9,20,0.1,30,0.03,30,0.2,0.01,4000,5,0,0.0,0.9266,0.92132
model_mnist_lr0.0075,gradient,4,9,20,0.1,30,0.05,30,0.0,0.01,2000,5,0,0.0,0.9266,0.92056
model_mnist_lr0.0075,gradient,4,9,20,0.1,30,0.05,30,0.0,0.01,4000,5,0,0.0,0.9266,0.9015000000000001
model_mnist_lr0.0075,gradient,4,9,20,0.1,30,0.05,30,0.2,0.01,2000,5,0,0.0,0.9266,0.91768
model_mnist_lr0.0075,gradient,4,9,20,0.1,30,0.05,30,0.2,0.01,4000,5,0,0.0,0.9266,0.92004
model_mnist_lr0.0075,gradient,4,9,20,0.1,60,0.01,60,0.0,0.01,2000,5,0,0.0,0.9266,0.92204
model_mnist_lr0.0075,gradient,4,9,20,0.1,60,0.01,60,0.0,0.01,4000,5,0,0.0,0.9266,0.9076000000000001
model_mnist_lr0.0075,gradient,4,9,20,0.1,60,0.01,60,0.2,0.01,2000,5,0,0.0,0.9266,0.91906
model_mnist_lr0.0075,gradient,4,9,20,0.1,60,0.01,60,0.2,0.01,4000,5,0,0.0,0.9266,0.9167400000000001
model_mnist_lr0.0075,gradient,4,9,20,0.1,60,0.03,60,0.0,0.01,2000,5,0,0.0,0.9266,0.9182600000000001
model_mnist_lr0.0075,gradient,4,9,20,0.1,60,0.03,60,0.0,0.01,4000,5,0,0.0,0.9266,0.90764
model_mnist_lr0.0075,gradient,4,9,20,0.1,60,0.03,60,0.2,0.01,2000,5,0,0.0,0.9266,0.9153
model_mnist_lr0.0075,gradient,4,9,20,0.1,60,0.03,60,0.2,0.01,4000,5,0,0.0,0.9266,0.9201600000000001
model_mnist_lr0.0075,gradient,4,9,20,0.1,60,0.05,60,0.0,0.01,2000,5,0,0.0,0.9266,0.92154
model_mnist_lr0.0075,gradient,4,9,20,0.1,60,0.05,60,0.0,0.01,4000,5,0,0.0,0.9266,0.9213000000000001
model_mnist_lr0.0075,gradient,4,9,20,0.1,60,0.05,60,0.2,0.01,2000,5,0,0.0,0.9266,0.92126
model_mnist_lr0.0075,gradient,4,9,20,0.1,60,0.05,60,0.2,0.01,4000,5,0,0.0,0.9266,0.9182200000000001
model_mnist_lr0.0075,gradient,6,5,20,0.1,30,0.01,30,0.0,0.01,2000,5,0,0.0,0.9266,0.92132
model_mnist_lr0.0075,gradient,6,5,20,0.1,30,0.01,30,0.0,0.01,4000,5,0,0.0,0.9266,0.91228
model_mnist_lr0.0075,gradient,6,5,20,0.1,30,0.01,30,0.2,0.01,2000,5,0,0.0,0.9266,0.9086000000000001
model_mnist_lr0.0075,gradient,6,5,20,0.1,30,0.01,30,0.2,0.01,4000,5,0,0.0,0.9266,0.9186400000000001
model_mnist_lr0.0075,gradient,6,5,20,0.1,30,0.03,30,0.0,0.01,2000,5,0,0.0,0.9266,0.9190000000000002
model_mnist_lr0.0075,gradient,6,5,20,0.1,30,0.03,30,0.0,0.01,4000,5,0,0.0,0.9266,0.9167
model_mnist_lr0.0075,gradient,6,5,20,0.1,30,0.03,30,0.2,0.01,2000,5,0,0.0,0.9266,0.9176200000000001
model_mnist_lr0.0075,gradient,6,5,20,0.1,30,0.03,30,0.2,0.01,4000,5,0,0.0,0.9266,0.9202999999999999
model_mnist_lr0.0075,gradient,6,5,20,0.1,30,0.05,30,0.0,0.01,2000,5,0,0.0,0.9266,0.91578
model_mnist_lr0.0075,gradient,6,5,20,0.1,30,0.05,30,0.0,0.01,4000,5,0,0.0,0.9266,0.9059000000000001
model_mnist_lr0.0075,gradient,6,5,20,0.1,30,0.05,30,0.2,0.01,2000,5,0,0.0,0.9266,0.91454
model_mnist_lr0.0075,gradient,6,5,20,0.1,30,0.05,30,0.2,0.01,4000,5,0,0.0,0.9266,0.9221
model_mnist_lr0.0075,gradient,6,5,20,0.1,60,0.01,60,0.0,0.01,2000,5,0,0.0,0.9266,0.92132
model_mnist_lr0.0075,gradient,6,5,20,0.1,60,0.01,60,0.0,0.01,4000,5,0,0.0,0.9266,0.9172800000000001
model_mnist_lr0.0075,gradient,6,5,20,0.1,60,0.01,60,0.2,0.01,2000,5,0,0.0,0.9266,0.9191600000000001
model_mnist_lr0.0075,gradient,6,5,20,0.1,60,0.01,60,0.2,0.01,4000,5,0,0.0,0.9266,0.9196000000000002
model_mnist_lr0.0075,gradient,6,5,20,0.1,60,0.03,60,0.0,0.01,2000,5,0,0.0,0.9266,0.9195
model_mnist_lr0.0075,gradient,6,5,20,0.1,60,0.03,60,0.0,0.01,4000,5,0,0.0,0.9266,0.91936
model_mnist_lr0.0075,gradient,6,5,20,0.1,60,0.03,60,0.2,0.01,2000,5,0,0.0,0.9266,0.91632
model_mnist_lr0.0075,gradient,6,5,20,0.1,60,0.03,60,0.2,0.01,4000,5,0,0.0,0.9266,0.9198799999999998
model_mnist_lr0.0075,gradient,6,5,20,0.1,60,0.05,60,0.0,0.01,2000,5,0,0.0,0.9266,0.9220200000000001
model_mnist_lr0.0075,gradient,6,5,20,0.1,60,0.05,60,0.0,0.01,4000,5,0,0.0,0.9266,0.9144200000000001
model_mnist_lr0.0075,gradient,6,5,20,0.1,60,0.05,60,0.2,0.01,2000,5,0,0.0,0.9266,0.91912
model_mnist_lr0.0075,gradient,6,5,20,0.1,60,0.05,60,0.2,0.01,4000,5,0,0.0,0.9266,0.92278
model_mnist_lr0.0075,gradient,8,3,20,0.1,30,0.01,30,0.0,0.01,2000,5,0,0.0,0.9266,0.92174
model_mnist_lr0.0075,gradient,8,3,20,0.1,30,0.01,30,0.0,0.01,4000,5,0,0.0,0.9266,0.92178
model_mnist_lr0.0075,gradient,8,3,20,0.1,30,0.01,30,0.2,0.01,2000,5,0,0.0,0.9266,0.92096
model_mnist_lr0.0075,gradient,8,3,20,0.1,30,0.01,30,0.2,0.01,4000,5,0,0.0,0.9266,0.91096
model_mnist_lr0.0075,gradient,8,3,20,0.1,30,0.03,30,0.0,0.01,4000,5,0,0.0,0.9266,0.91842
model_mnist_lr0.0075,gradient,8,3,20,0.1,30,0.03,30,0.2,0.01,2000,5,0,0.0,0.9266,0.9209799999999999
model_mnist_lr0.0075,gradient,8,3,20,0.1,30,0.03,30,0.2,0.01,4000,5,0,0.0,0.9266,0.91228
model_mnist_lr0.0075,gradient,8,3,20,0.1,30,0.05,30,0.0,0.01,2000,5,0,0.0,0.9266,0.9197200000000001
model_mnist_lr0.0075,gradient,8,3,20,0.1,30,0.05,30,0.0,0.01,4000,5,0,0.0,0.9266,0.9149
model_mnist_lr0.0075,gradient,8,3,20,0.1,30,0.05,30,0.2,0.01,2000,5,0,0.0,0.9266,0.9109999999999999
model_mnist_lr0.0075,gradient,8,3,20,0.1,60,0.01,60,0.0,0.01,4000,5,0,0.0,0.9266,0.91668
model_mnist_lr0.0075,gradient,8,3,20,0.1,60,0.01,60,0.2,0.01,2000,5,0,0.0,0.9266,0.9198800000000003
model_mnist_lr0.0075,gradient,8,3,20,0.1,60,0.01,60,0.2,0.01,4000,5,0,0.0,0.9266,0.9190799999999999
model_mnist_lr0.0075,gradient,8,3,20,0.1,60,0.03,60,0.0,0.01,2000,5,0,0.0,0.9266,0.9135
model_mnist_lr0.0075,gradient,8,3,20,0.1,60,0.03,60,0.0,0.01,4000,5,0,0.0,0.9266,0.9153600000000001
model_mnist_lr0.0075,gradient,8,3,20,0.1,60,0.03,60,0.2,0.01,2000,5,0,0.0,0.9266,0.9218
model_mnist_lr0.0075,gradient,8,3,20,0.1,60,0.03,60,0.2,0.01,4000,5,0,0.0,0.9266,0.92082
model_mnist_lr0.0075,gradient,8,3,20,0.1,60,0.05,60,0.0,0.01,2000,5,0,0.0,0.9266,0.9210800000000001
model_mnist_lr0.0075,gradient,8,3,20,0.1,60,0.05,60,0.0,0.01,4000,5,0,0.0,0.9266,0.92052
model_mnist_lr0.0075,gradient,8,3,20,0.1,60,0.05,60,0.2,0.01,2000,5,0,0.0,0.9266,0.9175599999999999
model_mnist_lr0.0075,gradient,8,3,20,0.1,60,0.05,60,0.2,0.01,4000,5,0,0.0,0.9266,0.9177799999999999
model_cat_lr0.0075,polytope,1,0,20,0.1,30,0.01,30,0.0,0.01,2000,5,5,1.0,0.74,0.72
model_cat_lr0.0075,polytope,1,0,20,0.1,30,0.01,30,0.0,0.01,4000,5,5,1.0,0.74,0.72
model_cat_lr0.0075,polytope,1,0,20,0.1,30,0.01,30,0.2,0.01,2000,5,5,1.0,0.74,0.72
model_cat_lr0.0075,polytope,1,0,20,0.1,30,0.01,30,0.2,0.01,4000,5,5,1.0,0.74,0.72
model_cat_lr0.0075,polytope,1,0,20,0.1,30,0.03,30,0.0,0.01,2000,5,5,1.0,0.74,0.744
model_cat_lr0.0075,polytope,1,0,20,0.1,30,0.03,30,0.0,0.01,4000,5,5,1.0,0.74,0.7319999999999999
model_cat_lr0.0075,polytope,1,0,20,0.1,30,0.05,30,0.0,0.01,2000,5,5,1.0,0.74,0.7479999999999999
model_cat_lr0.0075,polytope,1,0,20,0.1,30,0.05,30,0.0,0.01,4000,5,5,1.0,0.74,0.7319999999999999
model_cat_lr0.0075,polytope,1,0,20,0.1,30,0.05,30,0.2,0.01,2000,5,5,1.0,0.74,0.72
model_cat_lr0.0075,polytope,1,0,20,0.1,30,0.05,30,0.2,0.01,4000,5,5,1.0,0.74,0.72
model_cat_lr0.0075,polytope,1,0,20,0.1,60,0.01,60,0.0,0.01,2000,5,5,1.0,0.74,0.72
model_cat_lr0.0075,polytope,1,0,20,0.1,60,0.01,60,0.0,0.01,4000,5,5,1.0,0.74,0.72
model_cat_lr0.0075,polytope,1,0,20,0.1,60,0.01,60,0.2,0.01,2000,5,5,1.0,0.74,0.72
model_cat_lr0.0075,polytope,1,0,20,0.1,60,0.01,60,0.2,0.01,4000,5,5,1.0,0.74,0.72
model_cat_lr0.0075,polytope,1,0,20,0.1,60,0.03,60,0.0,0.01,2000,5,5,1.0,0.74,0.756
model_cat_lr0.0075,polytope,1,0,20,0.1,60,0.03,60,0.0,0.01,4000,5,5,1.0,0.74,0.76
model_cat_lr0.0075,polytope,1,0,20,0.1,60,0.03,60,0.2,0.01,2000,5,5,1.0,0.74,0.72
model_cat_lr0.0075,polytope,1,0,20,0.1,60,0.03,60,0.2,0.01,4000,5,5,1.0,0.74,0.72
model_cat_lr0.0075,polytope,1,0,20,0.1,60,0.05,60,0.0,0.01,2000,5,5,1.0,0.74,0.752
model_cat_lr0.0075,polytope,1,0,20,0.1,60,0.05,60,0.0,0.01,4000,5,5,1.0,0.74,0.7559999999999999
model_cat_lr0.0075,polytope,1,0,20,0.1,60,0.05,60,0.2,0.01,2000,5,5,1.0,0.74,0.748
model_cat_lr0.0075,polytope,1,0,20,0.1,60,0.05,60,0.2,0.01,4000,5,5,1.0,0.74,0.748
model_cat_lr0.0075,polytope,1,0,20,0.1,30,0.03,30,0.2,0.01,2000,5,3,0.6,0.74,0.728
model_cat_lr0.0075,polytope,1,0,20,0.1,30,0.03,30,0.2,0.01,4000,5,1,0.2,0.74,0.736
model_cifar10_lr0.001_30epochs,polytope,2,0,20,0.1,30,0.03,30,0.0,0.01,4000,5,4,0.8,0.7641,0.69018
model_cifar10_lr0.001_30epochs,polytope,2,0,20,0.1,30,0.05,30,0.2,0.01,2000,5,4,0.8,0.7641,0.67816
model_cifar10_lr0.001_30epochs,polytope,2,0,20,0.1,60,0.01,60,0.2,0.01,4000,5,4,0.8,0.7641,0.6937200000000001
model_cifar10_lr0.001_30epochs,polytope,2,0,20,0.1,30,0.01,30,0.0,0.01,2000,5,3,0.6,0.7641,0.68976
model_cifar10_lr0.001_30epochs,polytope,2,0,20,0.1,30,0.01,30,0.0,0.01,4000,5,3,0.6,0.7641,0.6872600000000001
model_cifar10_lr0.001_30epochs,polytope,2,0,20,0.1,30,0.01,30,0.2,0.01,2000,5,3,0.6,0.7641,0.70044
model_cifar10_lr0.001_30epochs,polytope,2,0,20,0.1,30,0.01,30,0.2,0.01,4000,5,3,0.6,0.7641,0.6901399999999999
model_cifar10_lr0.001_30epochs,polytope,2,0,20,0.1,30,0.03,30,0.0,0.01,2000,5,3,0.6,0.7641,0.69156
model_cifar10_lr0.001_30epochs,polytope,2,0,20,0.1,30,0.03,30,0.2,0.01,2000,5,3,0.6,0.7641,0.6965399999999999
model_cifar10_lr0.001_30epochs,polytope,2,0,20,0.1,30,0.03,30,0.2,0.01,4000,5,3,0.6,0.7641,0.665
model_cifar10_lr0.001_30epochs,polytope,2,0,20,0.1,30,0.05,30,0.0,0.01,2000,5,3,0.6,0.7641,0.6875399999999999
model_cifar10_lr0.001_30epochs,polytope,2,0,20,0.1,60,0.01,60,0.0,0.01,4000,5,3,0.6,0.7641,0.67964
model_cifar10_lr0.001_30epochs,polytope,2,0,20,0.1,60,0.01,60,0.2,0.01,2000,5,3,0.6,0.7641,0.6846
model_cifar10_lr0.001_30epochs,polytope,2,0,20,0.1,60,0.03,60,0.0,0.01,4000,5,3,0.6,0.7641,0.6573
model_cifar10_lr0.001_30epochs,polytope,2,0,20,0.1,60,0.03,60,0.2,0.01,4000,5,3,0.6,0.7641,0.69106
model_cifar10_lr0.001_30epochs,polytope,2,0,20,0.1,60,0.05,60,0.0,0.01,2000,5,3,0.6,0.7641,0.6949799999999999
model_cifar10_lr0.001_30epochs,polytope,2,0,20,0.1,60,0.05,60,0.2,0.01,2000,5,3,0.6,0.7641,0.69752
model_cifar10_lr0.001_30epochs,polytope,2,0,20,0.1,30,0.05,30,0.0,0.01,4000,5,2,0.4,0.7641,0.6780600000000001
model_cifar10_lr0.001_30epochs,polytope,2,0,20,0.1,30,0.05,30,0.2,0.01,4000,5,2,0.4,0.7641,0.6784800000000001
model_cifar10_lr0.001_30epochs,polytope,2,0,20,0.1,60,0.01,60,0.0,0.01,2000,5,2,0.4,0.7641,0.6864600000000001
model_cifar10_lr0.001_30epochs,polytope,2,0,20,0.1,60,0.03,60,0.0,0.01,2000,5,2,0.4,0.7641,0.7086599999999998
model_cifar10_lr0.001_30epochs,polytope,2,0,20,0.1,60,0.05,60,0.0,0.01,4000,5,2,0.4,0.7641,0.68964
model_cifar10_lr0.001_30epochs,polytope,2,0,20,0.1,60,0.05,60,0.2,0.01,4000,5,2,0.4,0.7641,0.6968799999999999
model_cifar10_lr0.001_30epochs,polytope,7,4,20,0.1,30,0.05,30,0.0,0.01,4000,5,2,0.4,0.7641,0.6766400000000001
model_cifar10_lr0.001_30epochs,polytope,7,4,20,0.1,60,0.03,60,0.0,0.01,2000,5,2,0.4,0.7641,0.68098
model_cifar10_lr0.001_30epochs,polytope,9,1,20,0.1,30,0.03,30,0.2,0.01,4000,5,2,0.4,0.7641,0.68136
model_cifar10_lr0.001_30epochs,polytope,2,0,20,0.1,60,0.03,60,0.2,0.01,2000,5,1,0.2,0.7641,0.70266
model_cifar10_lr0.001_30epochs,polytope,5,3,20,0.1,30,0.01,30,0.2,0.01,4000,5,1,0.2,0.7641,0.6829
model_cifar10_lr0.001_30epochs,polytope,5,3,20,0.1,30,0.03,30,0.0,0.01,4000,5,1,0.2,0.7641,0.6865399999999999
model_cifar10_lr0.001_30epochs,polytope,5,3,20,0.1,30,0.03,30,0.2,0.01,2000,5,1,0.2,0.7641,0.69128
model_cifar10_lr0.001_30epochs,polytope,5,3,20,0.1,60,0.01,60,0.0,0.01,4000,5,1,0.2,0.7641,0.6854000000000001
model_cifar10_lr0.001_30epochs,polytope,5,3,20,0.1,60,0.01,60,0.2,0.01,4000,5,1,0.2,0.7641,0.6887800000000001
model_cifar10_lr0.001_30epochs,polytope,5,3,20,0.1,60,0.03,60,0.2,0.01,4000,5,1,0.2,0.7641,0.6899599999999999
model_cifar10_lr0.001_30epochs,polytope,5,3,20,0.1,60,0.05,60,0.0,0.01,4000,5,1,0.2,0.7641,0.69214
model_cifar10_lr0.001_30epochs,polytope,5,3,20,0.1,60,0.05,60,0.2,0.01,2000,5,1,0.2,0.7641,0.69396
model_cifar10_lr0.001_30epochs,polytope,5,3,20,0.1,60,0.05,60,0.2,0.01,4000,5,1,0.2,0.7641,0.68894
model_cifar10_lr0.001_30epochs,polytope,7,4,20,0.1,30,0.01,30,0.2,0.01,4000,5,1,0.2,0.7641,0.69646
model_cifar10_lr0.001_30epochs,polytope,7,4,20,0.1,30,0.03,30,0.0,0.01,2000,5,1,0.2,0.7641,0.68528
model_cifar10_lr0.001_30epochs,polytope,7,4,20,0.1,30,0.03,30,0.2,0.01,4000,5,1,0.2,0.7641,0.6905400000000002
model_cifar10_lr0.001_30epochs,polytope,7,4,20,0.1,30,0.05,30,0.0,0.01,2000,5,1,0.2,0.7641,0.66818
model_cifar10_lr0.001_30epochs,polytope,7,4,20,0.1,30,0.05,30,0.2,0.01,2000,5,1,0.2,0.7641,0.68916
model_cifar10_lr0.001_30epochs,polytope,7,4,20,0.1,60,0.03,60,0.2,0.01,2000,5,1,0.2,0.7641,0.70156
model_cifar10_lr0.001_30epochs,polytope,7,4,20,0.1,60,0.05,60,0.0,0.01,4000,5,1,0.2,0.7641,0.68262
model_cifar10_lr0.001_30epochs,polytope,9,1,20,0.1,30,0.03,30,0.0,0.01,4000,5,1,0.2,0.7641,0.6704399999999999
model_cifar10_lr0.001_30epochs,polytope,9,1,20,0.1,30,0.03,30,0.2,0.01,2000,5,1,0.2,0.7641,0.68608
model_cifar10_lr0.001_30epochs,polytope,9,1,20,0.1,30,0.05,30,0.2,0.01,4000,5,1,0.2,0.7641,0.67542
model_cifar10_lr0.001_30epochs,polytope,5,3,20,0.1,30,0.01,30,0.0,0.01,2000,5,0,0.0,0.7641,0.68392
model_cifar10_lr0.001_30epochs,polytope,5,3,20,0.1,30,0.01,30,0.0,0.01,4000,5,0,0.0,0.7641,0.6818
model_cifar10_lr0.001_30epochs,polytope,5,3,20,0.1,30,0.01,30,0.2,0.01,2000,5,0,0.0,0.7641,0.6685399999999999
model_cifar10_lr0.001_30epochs,polytope,5,3,20,0.1,30,0.03,30,0.0,0.01,2000,5,0,0.0,0.7641,0.6739200000000001
model_cifar10_lr0.001_30epochs,polytope,5,3,20,0.1,30,0.03,30,0.2,0.01,4000,5,0,0.0,0.7641,0.6889000000000001
model_cifar10_lr0.001_30epochs,polytope,5,3,20,0.1,30,0.05,30,0.0,0.01,2000,5,0,0.0,0.7641,0.68414
model_cifar10_lr0.001_30epochs,polytope,5,3,20,0.1,30,0.05,30,0.0,0.01,4000,5,0,0.0,0.7641,0.67552
model_cifar10_lr0.001_30epochs,polytope,5,3,20,0.1,30,0.05,30,0.2,0.01,2000,5,0,0.0,0.7641,0.70708
model_cifar10_lr0.001_30epochs,polytope,5,3,20,0.1,30,0.05,30,0.2,0.01,4000,5,0,0.0,0.7641,0.6801600000000001
model_cifar10_lr0.001_30epochs,polytope,5,3,20,0.1,60,0.01,60,0.0,0.01,2000,5,0,0.0,0.7641,0.67728
model_cifar10_lr0.001_30epochs,polytope,5,3,20,0.1,60,0.01,60,0.2,0.01,2000,5,0,0.0,0.7641,0.69686
model_cifar10_lr0.001_30epochs,polytope,5,3,20,0.1,60,0.03,60,0.0,0.01,2000,5,0,0.0,0.7641,0.67514
model_cifar10_lr0.001_30epochs,polytope,5,3,20,0.1,60,0.03,60,0.0,0.01,4000,5,0,0.0,0.7641,0.68446
model_cifar10_lr0.001_30epochs,polytope,5,3,20,0.1,60,0.03,60,0.2,0.01,2000,5,0,0.0,0.7641,0.66942
model_cifar10_lr0.001_30epochs,polytope,5,3,20,0.1,60,0.05,60,0.0,0.01,2000,5,0,0.0,0.7641,0.6828199999999999
model_cifar10_lr0.001_30epochs,polytope,7,4,20,0.1,30,0.01,30,0.0,0.01,2000,5,0,0.0,0.7641,0.68552
model_cifar10_lr0.001_30epochs,polytope,7,4,20,0.1,30,0.01,30,0.0,0.01,4000,5,0,0.0,0.7641,0.6710200000000001
model_cifar10_lr0.001_30epochs,polytope,7,4,20,0.1,30,0.01,30,0.2,0.01,2000,5,0,0.0,0.7641,0.68684
model_cifar10_lr0.001_30epochs,polytope,7,4,20,0.1,30,0.03,30,0.0,0.01,4000,5,0,0.0,0.7641,0.67402
model_cifar10_lr0.001_30epochs,polytope,7,4,20,0.1,30,0.03,30,0.2,0.01,2000,5,0,0.0,0.7641,0.68868
model_cifar10_lr0.001_30epochs,polytope,7,4,20,0.1,30,0.05,30,0.2,0.01,4000,5,0,0.0,0.7641,0.6695999999999999
model_cifar10_lr0.001_30epochs,polytope,7,4,20,0.1,60,0.01,60,0.0,0.01,2000,5,0,0.0,0.7641,0.70384
model_cifar10_lr0.001_30epochs,polytope,7,4,20,0.1,60,0.01,60,0.0,0.01,4000,5,0,0.0,0.7641,0.68652
model_cifar10_lr0.001_30epochs,polytope,7,4,20,0.1,60,0.01,60,0.2,0.01,2000,5,0,0.0,0.7641,0.7105
model_cifar10_lr0.001_30epochs,polytope,7,4,20,0.1,60,0.01,60,0.2,0.01,4000,5,0,0.0,0.7641,0.68848
model_cifar10_lr0.001_30epochs,polytope,7,4,20,0.1,60,0.03,60,0.0,0.01,4000,5,0,0.0,0.7641,0.68604
model_cifar10_lr0.001_30epochs,polytope,7,4,20,0.1,60,0.03,60,0.2,0.01,4000,5,0,0.0,0.7641,0.6727599999999999
model_cifar10_lr0.001_30epochs,polytope,7,4,20,0.1,60,0.05,60,0.0,0.01,2000,5,0,0.0,0.7641,0.66366
model_cifar10_lr0.001_30epochs,polytope,7,4,20,0.1,60,0.05,60,0.2,0.01,2000,5,0,0.0,0.7641,0.6788799999999999
model_cifar10_lr0.001_30epochs,polytope,7,4,20,0.1,60,0.05,60,0.2,0.01,4000,5,0,0.0,0.7641,0.6779000000000001
model_cifar10_lr0.001_30epochs,polytope,9,1,20,0.1,30,0.01,30,0.0,0.01,2000,5,0,0.0,0.7641,0.6811800000000001
model_cifar10_lr0.001_30epochs,polytope,9,1,20,0.1,30,0.01,30,0.0,0.01,4000,5,0,0.0,0.7641,0.66926
model_cifar10_lr0.001_30epochs,polytope,9,1,20,0.1,30,0.01,30,0.2,0.01,2000,5,0,0.0,0.7641,0.6885600000000001
model_cifar10_lr0.001_30epochs,polytope,9,1,20,0.1,30,0.01,30,0.2,0.01,4000,5,0,0.0,0.7641,0.6850599999999999
model_cifar10_lr0.001_30epochs,polytope,9,1,20,0.1,30,0.03,30,0.0,0.01,2000,5,0,0.0,0.7641,0.68428
model_cifar10_lr0.001_30epochs,polytope,9,1,20,0.1,30,0.05,30,0.0,0.01,2000,5,0,0.0,0.7641,0.6922600000000001
model_cifar10_lr0.001_30epochs,polytope,9,1,20,0.1,30,0.05,30,0.0,0.01,4000,5,0,0.0,0.7641,0.66762
model_cifar10_lr0.001_30epochs,polytope,9,1,20,0.1,30,0.05,30,0.2,0.01,2000,5,0,0.0,0.7641,0.67944
model_cifar10_lr0.001_30epochs,polytope,9,1,20,0.1,60,0.01,60,0.0,0.01,2000,5,0,0.0,0.7641,0.6677799999999999
model_cifar10_lr0.001_30epochs,polytope,9,1,20,0.1,60,0.01,60,0.0,0.01,4000,5,0,0.0,0.7641,0.68812
model_cifar10_lr0.001_30epochs,polytope,9,1,20,0.1,60,0.01,60,0.2,0.01,2000,5,0,0.0,0.7641,0.67564
model_cifar10_lr0.001_30epochs,polytope,9,1,20,0.1,60,0.01,60,0.2,0.01,4000,5,0,0.0,0.7641,0.6731
model_cifar10_lr0.001_30epochs,polytope,9,1,20,0.1,60,0.03,60,0.0,0.01,2000,5,0,0.0,0.7641,0.6882400000000001
model_cifar10_lr0.001_30epochs,polytope,9,1,20,0.1,60,0.03,60,0.0,0.01,4000,5,0,0.0,0.7641,0.6692199999999999
model_cifar10_lr0.001_30epochs,polytope,9,1,20,0.1,60,0.03,60,0.2,0.01,2000,5,0,0.0,0.7641,0.67056
model_cifar10_lr0.001_30epochs,polytope,9,1,20,0.1,60,0.03,60,0.2,0.01,4000,5,0,0.0,0.7641,0.6779
model_cifar10_lr0.001_30epochs,polytope,9,1,20,0.1,60,0.05,60,0.0,0.01,2000,5,0,0.0,0.7641,0.67198
model_cifar10_lr0.001_30epochs,polytope,9,1,20,0.1,60,0.05,60,0.0,0.01,4000,5,0,0.0,0.7641,0.66752
model_cifar10_lr0.001_30epochs,polytope,9,1,20,0.1,60,0.05,60,0.2,0.01,2000,5,0,0.0,0.7641,0.67364
model_cifar10_lr0.001_30epochs,polytope,9,1,20,0.1,60,0.05,60,0.2,0.01,4000,5,0,0.0,0.7641,0.68946
model_mnist_lr0.0075,polytope,8,3,20,0.1,30,0.03,30,0.0,0.01,2000,5,1,0.2,0.9266,0.9167
model_mnist_lr0.0075,polytope,8,3,20,0.1,30,0.05,30,0.0,0.01,4000,5,1,0.2,0.9266,0.91914
model_mnist_lr0.0075,polytope,8,3,20,0.1,30,0.05,30,0.2,0.01,4000,5,1,0.2,0.9266,0.9109
model_mnist_lr0.0075,polytope,8,3,20,0.1,60,0.05,60,0.0,0.01,4000,5,1,0.2,0.9266,0.88658
model_mnist_lr0.0075,polytope,8,3,20,0.1,60,0.05,60,0.2,0.01,4000,5,1,0.2,0.9266,0.9190799999999999
model_mnist_lr0.0075,polytope,1,7,20,0.1,30,0.01,30,0.0,0.01,2000,5,0,0.0,0.9266,0.91358
model_mnist_lr0.0075,polytope,1,7,20,0.1,30,0.01,30,0.0,0.01,4000,5,0,0.0,0.9266,0.9206999999999999
model_mnist_lr0.0075,polytope,1,7,20,0.1,30,0.01,30,0.2,0.01,2000,5,0,0.0,0.9266,0.9211199999999999
model_mnist_lr0.0075,polytope,1,7,20,0.1,30,0.01,30,0.2,0.01,4000,5,0,0.0,0.9266,0.91082
model_mnist_lr0.0075,polytope,1,7,20,0.1,30,0.03,30,0.0,0.01,2000,5,0,0.0,0.9266,0.9168800000000001
model_mnist_lr0.0075,polytope,1,7,20,0.1,30,0.03,30,0.0,0.01,4000,5,0,0.0,0.9266,0.91882
model_mnist_lr0.0075,polytope,1,7,20,0.1,30,0.03,30,0.2,0.01,2000,5,0,0.0,0.9266,0.9136599999999999
model_mnist_lr0.0075,polytope,1,7,20,0.1,30,0.03,30,0.2,0.01,4000,5,0,0.0,0.9266,0.92056
model_mnist_lr0.0075,polytope,1,7,20,0.1,30,0.05,30,0.0,0.01,2000,5,0,0.0,0.9266,0.9193999999999999
model_mnist_lr0.0075,polytope,1,7,20,0.1,30,0.05,30,0.0,0.01,4000,5,0,0.0,0.9266,0.9187200000000001
model_mnist_lr0.0075,polytope,1,7,20,0.1,30,0.05,30,0.2,0.01,2000,5,0,0.0,0.9266,0.91188
model_mnist_lr0.0075,polytope,1,7,20,0.1,30,0.05,30,0.2,0.01,4000,5,0,0.0,0.9266,0.9119999999999999
model_mnist_lr0.0075,polytope,1,7,20,0.1,60,0.01,60,0.0,0.01,2000,5,0,0.0,0.9266,0.9138999999999999
model_mnist_lr0.0075,polytope,1,7,20,0.1,60,0.01,60,0.0,0.01,4000,5,0,0.0,0.9266,0.91956
model_mnist_lr0.0075,polytope,1,7,20,0.1,60,0.01,60,0.2,0.01,2000,5,0,0.0,0.9266,0.9204399999999999
model_mnist_lr0.0075,polytope,1,7,20,0.1,60,0.01,60,0.2,0.01,4000,5,0,0.0,0.9266,0.91738
model_mnist_lr0.0075,polytope,1,7,20,0.1,60,0.03,60,0.0,0.01,2000,5,0,0.0,0.9266,0.91476
model_mnist_lr0.0075,polytope,1,7,20,0.1,60,0.03,60,0.0,0.01,4000,5,0,0.0,0.9266,0.9174599999999999
model_mnist_lr0.0075,polytope,1,7,20,0.1,60,0.03,60,0.2,0.01,2000,5,0,0.0,0.9266,0.91708
model_mnist_lr0.0075,polytope,1,7,20,0.1,60,0.03,60,0.2,0.01,4000,5,0,0.0,0.9266,0.92196
model_mnist_lr0.0075,polytope,1,7,20,0.1,60,0.05,60,0.0,0.01,2000,5,0,0.0,0.9266,0.9186399999999999
model_mnist_lr0.0075,polytope,1,7,20,0.1,60,0.05,60,0.0,0.01,4000,5,0,0.0,0.9266,0.91644
model_mnist_lr0.0075,polytope,1,7,20,0.1,60,0.05,60,0.2,0.01,2000,5,0,0.0,0.9266,0.9097
model_mnist_lr0.0075,polytope,1,7,20,0.1,60,0.05,60,0.2,0.01,4000,5,0,0.0,0.9266,0.91374
model_mnist_lr0.0075,polytope,4,9,20,0.1,30,0.01,30,0.0,0.01,2000,5,0,0.0,0.9266,0.9211799999999999
model_mnist_lr0.0075,polytope,4,9,20,0.1,30,0.01,30,0.0,0.01,4000,5,0,0.0,0.9266,0.9202400000000001
model_mnist_lr0.0075,polytope,4,9,20,0.1,30,0.01,30,0.2,0.01,2000,5,0,0.0,0.9266,0.9214
model_mnist_lr0.0075,polytope,4,9,20,0.1,30,0.01,30,0.2,0.01,4000,5,0,0.0,0.9266,0.89334
model_mnist_lr0.0075,polytope,4,9,20,0.1,30,0.03,30,0.0,0.01,2000,5,0,0.0,0.9266,0.9209400000000001
model_mnist_lr0.0075,polytope,4,9,20,0.1,30,0.03,30,0.0,0.01,4000,5,0,0.0,0.9266,0.9169599999999999
model_mnist_lr0.0075,polytope,4,9,20,0.1,30,0.03,30,0.2,0.01,2000,5,0,0.0,0.9266,0.9208200000000002
model_mnist_lr0.0075,polytope,4,9,20,0.1,30,0.03,30,0.2,0.01,4000,5,0,0.0,0.9266,0.9111
model_mnist_lr0.0075,polytope,4,9,20,0.1,30,0.05,30,0.0,0.01,2000,5,0,0.0,0.9266,0.91812
model_mnist_lr0.0075,polytope,4,9,20,0.1,30,0.05,30,0.0,0.01,4000,5,0,0.0,0.9266,0.9239200000000001
model_mnist_lr0.0075,polytope,4,9,20,0.1,30,0.05,30,0.2,0.01,2000,5,0,0.0,0.9266,0.91898
model_mnist_lr0.0075,polytope,4,9,20,0.1,30,0.05,30,0.2,0.01,4000,5,0,0.0,0.9266,0.9193999999999999
model_mnist_lr0.0075,polytope,4,9,20,0.1,60,0.01,60,0.0,0.01,2000,5,0,0.0,0.9266,0.92072
model_mnist_lr0.0075,polytope,4,9,20,0.1,60,0.01,60,0.0,0.01,4000,5,0,0.0,0.9266,0.9196799999999999
model_mnist_lr0.0075,polytope,4,9,20,0.1,60,0.01,60,0.2,0.01,2000,5,0,0.0,0.9266,0.91698
model_mnist_lr0.0075,polytope,4,9,20,0.1,60,0.01,60,0.2,0.01,4000,5,0,0.0,0.9266,0.91834
model_mnist_lr0.0075,polytope,4,9,20,0.1,60,0.03,60,0.0,0.01,2000,5,0,0.0,0.9266,0.92072
model_mnist_lr0.0075,polytope,4,9,20,0.1,60,0.03,60,0.0,0.01,4000,5,0,0.0,0.9266,0.9234600000000001
model_mnist_lr0.0075,polytope,4,9,20,0.1,60,0.03,60,0.2,0.01,2000,5,0,0.0,0.9266,0.92034
model_mnist_lr0.0075,polytope,4,9,20,0.1,60,0.03,60,0.2,0.01,4000,5,0,0.0,0.9266,0.88512
model_mnist_lr0.0075,polytope,4,9,20,0.1,60,0.05,60,0.0,0.01,2000,5,0,0.0,0.9266,0.90884
model_mnist_lr0.0075,polytope,4,9,20,0.1,60,0.05,60,0.0,0.01,4000,5,0,0.0,0.9266,0.9139399999999999
model_mnist_lr0.0075,polytope,4,9,20,0.1,60,0.05,60,0.2,0.01,2000,5,0,0.0,0.9266,0.9186399999999999
model_mnist_lr0.0075,polytope,4,9,20,0.1,60,0.05,60,0.2,0.01,4000,5,0,0.0,0.9266,0.9086599999999999
model_mnist_lr0.0075,polytope,6,5,20,0.1,30,0.01,30,0.0,0.01,2000,5,0,0.0,0.9266,0.91828
model_mnist_lr0.0075,polytope,6,5,20,0.1,30,0.01,30,0.0,0.01,4000,5,0,0.0,0.9266,0.92156
model_mnist_lr0.0075,polytope,6,5,20,0.1,30,0.01,30,0.2,0.01,2000,5,0,0.0,0.9266,0.9175599999999999
model_mnist_lr0.0075,polytope,6,5,20,0.1,30,0.01,30,0.2,0.01,4000,5,0,0.0,0.9266,0.9112
model_mnist_lr0.0075,polytope,6,5,20,0.1,30,0.03,30,0.0,0.01,2000,5,0,0.0,0.9266,0.92226
model_mnist_lr0.0075,polytope,6,5,20,0.1,30,0.03,30,0.0,0.01,4000,5,0,0.0,0.9266,0.9132200000000001
model_mnist_lr0.0075,polytope,6,5,20,0.1,30,0.03,30,0.2,0.01,2000,5,0,0.0,0.9266,0.91516
model_mnist_lr0.0075,polytope,6,5,20,0.1,30,0.03,30,0.2,0.01,4000,5,0,0.0,0.9266,0.91304
model_mnist_lr0.0075,polytope,6,5,20,0.1,30,0.05,30,0.0,0.01,2000,5,0,0.0,0.9266,0.9173199999999999
model_mnist_lr0.0075,polytope,6,5,20,0.1,30,0.05,30,0.0,0.01,4000,5,0,0.0,0.9266,0.9097
model_mnist_lr0.0075,polytope,6,5,20,0.1,30,0.05,30,0.2,0.01,2000,5,0,0.0,0.9266,0.91572
model_mnist_lr0.0075,polytope,6,5,20,0.1,30,0.05,30,0.2,0.01,4000,5,0,0.0,0.9266,0.91502
model_mnist_lr0.0075,polytope,6,5,20,0.1,60,0.01,60,0.0,0.01,2000,5,0,0.0,0.9266,0.91462
model_mnist_lr0.0075,polytope,6,5,20,0.1,60,0.01,60,0.0,0.01,4000,5,0,0.0,0.9266,0.9180800000000001
model_mnist_lr0.0075,polytope,6,5,20,0.1,60,0.01,60,0.2,0.01,2000,5,0,0.0,0.9266,0.9193999999999999
model_mnist_lr0.0075,polytope,6,5,20,0.1,60,0.01,60,0.2,0.01,4000,5,0,0.0,0.9266,0.9193200000000001
model_mnist_lr0.0075,polytope,6,5,20,0.1,60,0.03,60,0.0,0.01,2000,5,0,0.0,0.9266,0.9147400000000001
model_mnist_lr0.0075,polytope,6,5,20,0.1,60,0.03,60,0.0,0.01,4000,5,0,0.0,0.9266,0.9213999999999999
model_mnist_lr0.0075,polytope,6,5,20,0.1,60,0.03,60,0.2,0.01,2000,5,0,0.0,0.9266,0.92264
model_mnist_lr0.0075,polytope,6,5,20,0.1,60,0.03,60,0.2,0.01,4000,5,0,0.0,0.9266,0.9164200000000001
model_mnist_lr0.0075,polytope,6,5,20,0.1,60,0.05,60,0.0,0.01,2000,5,0,0.0,0.9266,0.91196
model_mnist_lr0.0075,polytope,6,5,20,0.1,60,0.05,60,0.0,0.01,4000,5,0,0.0,0.9266,0.9228999999999999
model_mnist_lr0.0075,polytope,6,5,20,0.1,60,0.05,60,0.2,0.01,2000,5,0,0.0,0.9266,0.9148399999999999
model_mnist_lr0.0075,polytope,6,5,20,0.1,60,0.05,60,0.2,0.01,4000,5,0,0.0,0.9266,0.9204800000000001
model_mnist_lr0.0075,polytope,8,3,20,0.1,30,0.01,30,0.0,0.01,2000,5,0,0.0,0.9266,0.9186799999999999
model_mnist_lr0.0075,polytope,8,3,20,0.1,30,0.01,30,0.0,0.01,4000,5,0,0.0,0.9266,0.91304
model_mnist_lr0.0075,polytope,8,3,20,0.1,30,0.01,30,0.2,0.01,2000,5,0,0.0,0.9266,0.9189
model_mnist_lr0.0075,polytope,8,3,20,0.1,30,0.01,30,0.2,0.01,4000,5,0,0.0,0.9266,0.92254
model_mnist_lr0.0075,polytope,8,3,20,0.1,30,0.03,30,0.0,0.01,4000,5,0,0.0,0.9266,0.91788
model_mnist_lr0.0075,polytope,8,3,20,0.1,30,0.03,30,0.2,0.01,2000,5,0,0.0,0.9266,0.9077
model_mnist_lr0.0075,polytope,8,3,20,0.1,30,0.03,30,0.2,0.01,4000,5,0,0.0,0.9266,0.92232
model_mnist_lr0.0075,polytope,8,3,20,0.1,30,0.05,30,0.0,0.01,2000,5,0,0.0,0.9266,0.9197599999999999
model_mnist_lr0.0075,polytope,8,3,20,0.1,30,0.05,30,0.2,0.01,2000,5,0,0.0,0.9266,0.9184000000000001
model_mnist_lr0.0075,polytope,8,3,20,0.1,60,0.01,60,0.0,0.01,2000,5,0,0.0,0.9266,0.91418
model_mnist_lr0.0075,polytope,8,3,20,0.1,60,0.01,60,0.0,0.01,4000,5,0,0.0,0.9266,0.9161400000000001
model_mnist_lr0.0075,polytope,8,3,20,0.1,60,0.01,60,0.2,0.01,2000,5,0,0.0,0.9266,0.90068
model_mnist_lr0.0075,polytope,8,3,20,0.1,60,0.01,60,0.2,0.01,4000,5,0,0.0,0.9266,0.9151199999999999
model_mnist_lr0.0075,polytope,8,3,20,0.1,60,0.03,60,0.0,0.01,2000,5,0,0.0,0.9266,0.91548
model_mnist_lr0.0075,polytope,8,3,20,0.1,60,0.03,60,0.0,0.01,4000,5,0,0.0,0.9266,0.9153600000000001
model_mnist_lr0.0075,polytope,8,3,20,0.1,60,0.03,60,0.2,0.01,2000,5,0,0.0,0.9266,0.91982
model_mnist_lr0.0075,polytope,8,3,20,0.1,60,0.03,60,0.2,0.01,4000,5,0,0.0,0.9266,0.92052
model_mnist_lr0.0075,polytope,8,3,20,0.1,60,0.05,60,0.0,0.01,2000,5,0,0.0,0.9266,0.9151400000000001
model_mnist_lr0.0075,polytope,8,3,20,0.1,60,0.05,60,0.2,0.01,2000,5,0,0.0,0.9266,0.91508
